midjourney-v6.1/290.jpg,1,test
midjourney-v6.1/31.jpg,1,test
midjourney-v6.1/35.jpg,1,test
midjourney-v6.1/328.jpg,1,test
midjourney-v6.1/182.jpg,1,test
midjourney-v6.1/465.jpg,1,test
midjourney-v6.1/153.jpg,1,test
midjourney-v6.1/277.jpg,1,test
midjourney-v6.1/374.jpg,1,test
midjourney-v6.1/315.jpg,1,test
midjourney-v6.1/49.jpg,1,test
midjourney-v6.1/187.jpg,1,test
midjourney-v6.1/525.jpg,1,test
midjourney-v6.1/484.jpg,1,test
midjourney-v6.1/125.jpg,1,test
midjourney-v6.1/250.jpg,1,test
midjourney-v6.1/589.jpg,1,test
midjourney-v6.1/548.jpg,1,test
midjourney-v6.1/118.jpg,1,test
midjourney-v6.1/349.jpg,1,test
midjourney-v6.1/475.jpg,1,test
midjourney-v6.1/426.jpg,1,test
midjourney-v6.1/391.jpg,1,test
midjourney-v6.1/12.jpg,1,test
midjourney-v6.1/84.jpg,1,test
midjourney-v6.1/445.jpg,1,test
midjourney-v6.1/189.jpg,1,test
midjourney-v6.1/262.jpg,1,test
midjourney-v6.1/254.jpg,1,test
midjourney-v6.1/336.jpg,1,test
midjourney-v6.1/60.jpg,1,test
midjourney-v6.1/337.jpg,1,test
midjourney-v6.1/159.jpg,1,test
midjourney-v6.1/563.jpg,1,test
midjourney-v6.1/319.jpg,1,test
midjourney-v6.1/233.jpg,1,test
midjourney-v6.1/455.jpg,1,test
midjourney-v6.1/326.jpg,1,test
midjourney-v6.1/562.jpg,1,test
midjourney-v6.1/236.jpg,1,test
midjourney-v6.1/438.jpg,1,test
midjourney-v6.1/375.jpg,1,test
midjourney-v6.1/628.jpg,1,test
midjourney-v6.1/415.jpg,1,test
midjourney-v6.1/138.jpg,1,test
midjourney-v6.1/470.jpg,1,test
midjourney-v6.1/38.jpg,1,test
midjourney-v6.1/134.jpg,1,test
midjourney-v6.1/630.jpg,1,test
midjourney-v6.1/469.jpg,1,test
midjourney-v6.1/61.jpg,1,test
midjourney-v6.1/538.jpg,1,test
midjourney-v6.1/231.jpg,1,test
midjourney-v6.1/312.jpg,1,test
midjourney-v6.1/583.jpg,1,test
midjourney-v6.1/221.jpg,1,test
midjourney-v6.1/535.jpg,1,test
midjourney-v6.1/67.jpg,1,test
midjourney-v6.1/350.jpg,1,test
midjourney-v6.1/313.jpg,1,test
midjourney-v6.1/447.jpg,1,test
midjourney-v6.1/27.jpg,1,test
midjourney-v6.1/174.jpg,1,test
midjourney-v6.1/631.jpg,1,test
midjourney-v6.1/57.jpg,1,test
midjourney-v6.1/306.jpg,1,test
midjourney-v6.1/202.jpg,1,test
midjourney-v6.1/269.jpg,1,test
midjourney-v6.1/329.jpg,1,test
midjourney-v6.1/275.jpg,1,test
midjourney-v6.1/26.jpg,1,test
midjourney-v6.1/204.jpg,1,test
midjourney-v6.1/478.jpg,1,test
midjourney-v6.1/162.jpg,1,test
midjourney-v6.1/392.jpg,1,test
midjourney-v6.1/268.jpg,1,test
midjourney-v6.1/633.jpg,1,test
midjourney-v6.1/512.jpg,1,test
midjourney-v6.1/101.jpg,1,test
midjourney-v6.1/173.jpg,1,test
midjourney-v6.1/180.jpg,1,test
midjourney-v6.1/370.jpg,1,test
midjourney-v6.1/70.jpg,1,test
midjourney-v6.1/297.jpg,1,test
midjourney-v6.1/305.jpg,1,test
midjourney-v6.1/228.jpg,1,test
midjourney-v6.1/244.jpg,1,test
midjourney-v6.1/558.jpg,1,test
midjourney-v6.1/521.jpg,1,test
midjourney-v6.1/310.jpg,1,test
midjourney-v6.1/347.jpg,1,test
midjourney-v6.1/463.jpg,1,test
midjourney-v6.1/152.jpg,1,test
midjourney-v6.1/302.jpg,1,test
midjourney-v6.1/345.jpg,1,test
midjourney-v6.1/461.jpg,1,test
midjourney-v6.1/97.jpg,1,test
midjourney-v6.1/68.jpg,1,test
midjourney-v6.1/33.jpg,1,test
midjourney-v6.1/30.jpg,1,test
midjourney-v6.1/330.jpg,1,test
midjourney-v6.1/85.jpg,1,test
midjourney-v6.1/531.jpg,1,test
midjourney-v6.1/599.jpg,1,test
midjourney-v6.1/124.jpg,1,test
midjourney-v6.1/287.jpg,1,test
midjourney-v6.1/154.jpg,1,test
midjourney-v6.1/29.jpg,1,test
midjourney-v6.1/564.jpg,1,test
midjourney-v6.1/25.jpg,1,test
midjourney-v6.1/309.jpg,1,test
midjourney-v6.1/65.jpg,1,test
midjourney-v6.1/82.jpg,1,test
midjourney-v6.1/308.jpg,1,test
midjourney-v6.1/517.jpg,1,test
midjourney-v6.1/307.jpg,1,test
midjourney-v6.1/561.jpg,1,test
midjourney-v6.1/171.jpg,1,test
midjourney-v6.1/553.jpg,1,test
midjourney-v6.1/311.jpg,1,test
midjourney-v6.1/359.jpg,1,test
midjourney-v6.1/8.jpg,1,test
midjourney-v6.1/285.jpg,1,test
midjourney-v6.1/569.jpg,1,test
midjourney-v6.1/424.jpg,1,test
midjourney-v6.1/365.jpg,1,test
midjourney-v6.1/592.jpg,1,test
midjourney-v6.1/105.jpg,1,test
midjourney-v6.1/88.jpg,1,test
midjourney-v6.1/378.jpg,1,test
midjourney-v6.1/239.jpg,1,test
midjourney-v6.1/258.jpg,1,test
midjourney-v6.1/435.jpg,1,test
midjourney-v6.1/71.jpg,1,test
midjourney-v6.1/63.jpg,1,test
midjourney-v6.1/10.jpg,1,test
midjourney-v6.1/511.jpg,1,test
midjourney-v6.1/270.jpg,1,test
midjourney-v6.1/99.jpg,1,test
midjourney-v6.1/104.jpg,1,test
midjourney-v6.1/520.jpg,1,test
midjourney-v6.1/493.jpg,1,test
midjourney-v6.1/147.jpg,1,test
midjourney-v6.1/114.jpg,1,test
midjourney-v6.1/279.jpg,1,test
midjourney-v6.1/183.jpg,1,test
midjourney-v6.1/410.jpg,1,test
midjourney-v6.1/526.jpg,1,test
midjourney-v6.1/351.jpg,1,test
midjourney-v6.1/293.jpg,1,test
midjourney-v6.1/624.jpg,1,test
midjourney-v6.1/585.jpg,1,test
midjourney-v6.1/113.jpg,1,test
midjourney-v6.1/487.jpg,1,test
midjourney-v6.1/294.jpg,1,test
midjourney-v6.1/333.jpg,1,test
midjourney-v6.1/89.jpg,1,test
midjourney-v6.1/13.jpg,1,test
midjourney-v6.1/430.jpg,1,test
midjourney-v6.1/52.jpg,1,test
midjourney-v6.1/404.jpg,1,test
midjourney-v6.1/201.jpg,1,test
midjourney-v6.1/276.jpg,1,test
midjourney-v6.1/437.jpg,1,test
midjourney-v6.1/490.jpg,1,test
midjourney-v6.1/508.jpg,1,test
midjourney-v6.1/196.jpg,1,test
midjourney-v6.1/320.jpg,1,test
midjourney-v6.1/612.jpg,1,test
midjourney-v6.1/579.jpg,1,test
midjourney-v6.1/559.jpg,1,test
midjourney-v6.1/96.jpg,1,test
midjourney-v6.1/618.jpg,1,test
midjourney-v6.1/403.jpg,1,test
midjourney-v6.1/205.jpg,1,test
midjourney-v6.1/357.jpg,1,test
midjourney-v6.1/47.jpg,1,test
midjourney-v6.1/317.jpg,1,test
midjourney-v6.1/192.jpg,1,test
midjourney-v6.1/372.jpg,1,test
midjourney-v6.1/133.jpg,1,test
midjourney-v6.1/346.jpg,1,test
midjourney-v6.1/466.jpg,1,test
midjourney-v6.1/504.jpg,1,test
midjourney-v6.1/364.jpg,1,test
midjourney-v6.1/495.jpg,1,test
midjourney-v6.1/51.jpg,1,test
midjourney-v6.1/386.jpg,1,test
midjourney-v6.1/390.jpg,1,test
midjourney-v6.1/444.jpg,1,test
midjourney-v6.1/140.jpg,1,test
midjourney-v6.1/144.jpg,1,test
midjourney-v6.1/3.jpg,1,test
midjourney-v6.1/4.jpg,1,test
midjourney-v6.1/245.jpg,1,test
midjourney-v6.1/225.jpg,1,test
midjourney-v6.1/53.jpg,1,test
midjourney-v6.1/278.jpg,1,test
midjourney-v6.1/137.jpg,1,test
midjourney-v6.1/146.jpg,1,test
midjourney-v6.1/184.jpg,1,test
midjourney-v6.1/514.jpg,1,test
midjourney-v6.1/37.jpg,1,test
midjourney-v6.1/81.jpg,1,test
midjourney-v6.1/274.jpg,1,test
midjourney-v6.1/324.jpg,1,test
midjourney-v6.1/170.jpg,1,test
midjourney-v6.1/112.jpg,1,test
midjourney-v6.1/554.jpg,1,test
midjourney-v6.1/355.jpg,1,test
midjourney-v6.1/393.jpg,1,test
midjourney-v6.1/537.jpg,1,test
midjourney-v6.1/44.jpg,1,test
midjourney-v6.1/107.jpg,1,test
midjourney-v6.1/282.jpg,1,test
midjourney-v6.1/40.jpg,1,test
midjourney-v6.1/316.jpg,1,test
midjourney-v6.1/400.jpg,1,test
midjourney-v6.1/462.jpg,1,test
midjourney-v6.1/130.jpg,1,test
midjourney-v6.1/594.jpg,1,test
midjourney-v6.1/550.jpg,1,test
midjourney-v6.1/442.jpg,1,test
midjourney-v6.1/28.jpg,1,test
midjourney-v6.1/449.jpg,1,test
midjourney-v6.1/545.jpg,1,test
midjourney-v6.1/95.jpg,1,test
midjourney-v6.1/496.jpg,1,test
midjourney-v6.1/7.jpg,1,test
midjourney-v6.1/543.jpg,1,test
midjourney-v6.1/377.jpg,1,test
midjourney-v6.1/369.jpg,1,test
midjourney-v6.1/362.jpg,1,test
midjourney-v6.1/121.jpg,1,test
midjourney-v6.1/522.jpg,1,test
midjourney-v6.1/457.jpg,1,test
midjourney-v6.1/15.jpg,1,test
midjourney-v6.1/452.jpg,1,test
midjourney-v6.1/217.jpg,1,test
midjourney-v6.1/87.jpg,1,test
midjourney-v6.1/601.jpg,1,test
midjourney-v6.1/128.jpg,1,test
midjourney-v6.1/388.jpg,1,test
midjourney-v6.1/296.jpg,1,test
midjourney-v6.1/119.jpg,1,test
midjourney-v6.1/265.jpg,1,test
midjourney-v6.1/24.jpg,1,test
midjourney-v6.1/439.jpg,1,test
midjourney-v6.1/136.jpg,1,test
midjourney-v6.1/172.jpg,1,test
midjourney-v6.1/92.jpg,1,test
midjourney-v6.1/604.jpg,1,test
midjourney-v6.1/544.jpg,1,test
midjourney-v6.1/348.jpg,1,test
midjourney-v6.1/486.jpg,1,test
midjourney-v6.1/216.jpg,1,test
midjourney-v6.1/129.jpg,1,test
midjourney-v6.1/238.jpg,1,test
midjourney-v6.1/479.jpg,1,test
midjourney-v6.1/530.jpg,1,test
midjourney-v6.1/412.jpg,1,test
midjourney-v6.1/536.jpg,1,test
midjourney-v6.1/398.jpg,1,test
midjourney-v6.1/629.jpg,1,test
midjourney-v6.1/541.jpg,1,test
midjourney-v6.1/249.jpg,1,test
midjourney-v6.1/519.jpg,1,test
midjourney-v6.1/605.jpg,1,test
midjourney-v6.1/78.jpg,1,test
midjourney-v6.1/123.jpg,1,test
midjourney-v6.1/524.jpg,1,test
midjourney-v6.1/115.jpg,1,test
midjourney-v6.1/634.jpg,1,test
midjourney-v6.1/637.jpg,1,test
midjourney-v6.1/166.jpg,1,test
midjourney-v6.1/440.jpg,1,test
midjourney-v6.1/610.jpg,1,test
midjourney-v6.1/177.jpg,1,test
midjourney-v6.1/574.jpg,1,test
midjourney-v6.1/401.jpg,1,test
midjourney-v6.1/86.jpg,1,test
midjourney-v6.1/413.jpg,1,test
midjourney-v6.1/587.jpg,1,test
midjourney-v6.1/322.jpg,1,test
midjourney-v6.1/300.jpg,1,test
midjourney-v6.1/414.jpg,1,test
midjourney-v6.1/389.jpg,1,test
midjourney-v6.1/608.jpg,1,test
midjourney-v6.1/181.jpg,1,test
midjourney-v6.1/423.jpg,1,test
midjourney-v6.1/627.jpg,1,test
midjourney-v6.1/451.jpg,1,test
midjourney-v6.1/416.jpg,1,test
midjourney-v6.1/360.jpg,1,test
midjourney-v6.1/339.jpg,1,test
midjourney-v6.1/289.jpg,1,test
midjourney-v6.1/243.jpg,1,test
midjourney-v6.1/164.jpg,1,test
midjourney-v6.1/505.jpg,1,test
midjourney-v6.1/532.jpg,1,test
midjourney-v6.1/616.jpg,1,test
midjourney-v6.1/621.jpg,1,test
midjourney-v6.1/582.jpg,1,test
midjourney-v6.1/443.jpg,1,test
midjourney-v6.1/500.jpg,1,test
midjourney-v6.1/48.jpg,1,test
midjourney-v6.1/66.jpg,1,test
midjourney-v6.1/518.jpg,1,test
midjourney-v6.1/405.jpg,1,test
midjourney-v6.1/232.jpg,1,test
midjourney-v6.1/419.jpg,1,test
midjourney-v6.1/611.jpg,1,test
midjourney-v6.1/581.jpg,1,test
midjourney-v6.1/353.jpg,1,test
midjourney-v6.1/454.jpg,1,test
midjourney-v6.1/178.jpg,1,test
midjourney-v6.1/638.jpg,1,test
midjourney-v6.1/246.jpg,1,test
midjourney-v6.1/36.jpg,1,test
midjourney-v6.1/222.jpg,1,test
midjourney-v6.1/263.jpg,1,test
midjourney-v6.1/614.jpg,1,test
midjourney-v6.1/595.jpg,1,test
midjourney-v6.1/586.jpg,1,test
midjourney-v6.1/79.jpg,1,test
midjourney-v6.1/513.jpg,1,test
midjourney-v6.1/259.jpg,1,test
midjourney-v6.1/385.jpg,1,test
midjourney-v6.1/572.jpg,1,test
midjourney-v6.1/6.jpg,1,test
midjourney-v6.1/383.jpg,1,test
midjourney-v6.1/593.jpg,1,test
midjourney-v6.1/186.jpg,1,test
midjourney-v6.1/481.jpg,1,test
midjourney-v6.1/110.jpg,1,test
midjourney-v6.1/507.jpg,1,test
midjourney-v6.1/480.jpg,1,test
midjourney-v6.1/399.jpg,1,test
midjourney-v6.1/318.jpg,1,test
midjourney-v6.1/338.jpg,1,test
midjourney-v6.1/252.jpg,1,test
midjourney-v6.1/502.jpg,1,test
midjourney-v6.1/220.jpg,1,test
midjourney-v6.1/566.jpg,1,test
midjourney-v6.1/135.jpg,1,test
midjourney-v6.1/142.jpg,1,test
midjourney-v6.1/540.jpg,1,test
midjourney-v6.1/69.jpg,1,test
midjourney-v6.1/602.jpg,1,test
midjourney-v6.1/379.jpg,1,test
midjourney-v6.1/156.jpg,1,test
midjourney-v6.1/301.jpg,1,test
midjourney-v6.1/94.jpg,1,test
midjourney-v6.1/323.jpg,1,test
midjourney-v6.1/199.jpg,1,test
midjourney-v6.1/58.jpg,1,test
midjourney-v6.1/237.jpg,1,test
midjourney-v6.1/50.jpg,1,test
midjourney-v6.1/206.jpg,1,test
midjourney-v6.1/41.jpg,1,test
midjourney-v6.1/576.jpg,1,test
midjourney-v6.1/73.jpg,1,test
midjourney-v6.1/126.jpg,1,test
midjourney-v6.1/303.jpg,1,test
midjourney-v6.1/280.jpg,1,test
midjourney-v6.1/402.jpg,1,test
midjourney-v6.1/214.jpg,1,test
midjourney-v6.1/161.jpg,1,test
midjourney-v6.1/489.jpg,1,test
midjourney-v6.1/190.jpg,1,test
midjourney-v6.1/193.jpg,1,test
midjourney-v6.1/209.jpg,1,test
midjourney-v6.1/91.jpg,1,test
midjourney-v6.1/417.jpg,1,test
midjourney-v6.1/54.jpg,1,test
midjourney-v6.1/255.jpg,1,test
midjourney-v6.1/291.jpg,1,test
midjourney-v6.1/288.jpg,1,test
midjourney-v6.1/32.jpg,1,test
midjourney-v6.1/117.jpg,1,test
midjourney-v6.1/460.jpg,1,test
midjourney-v6.1/498.jpg,1,test
midjourney-v6.1/425.jpg,1,test
midjourney-v6.1/314.jpg,1,test
midjourney-v6.1/494.jpg,1,test
midjourney-v6.1/14.jpg,1,test
midjourney-v6.1/433.jpg,1,test
midjourney-v6.1/327.jpg,1,test
midjourney-v6.1/292.jpg,1,test
midjourney-v6.1/483.jpg,1,test
midjourney-v6.1/615.jpg,1,test
midjourney-v6.1/600.jpg,1,test
midjourney-v6.1/5.jpg,1,test
midjourney-v6.1/261.jpg,1,test
midjourney-v6.1/210.jpg,1,test
midjourney-v6.1/46.jpg,1,test
midjourney-v6.1/539.jpg,1,test
midjourney-v6.1/363.jpg,1,test
midjourney-v6.1/93.jpg,1,test
midjourney-v6.1/203.jpg,1,test
midjourney-v6.1/397.jpg,1,test
midjourney-v6.1/163.jpg,1,test
midjourney-v6.1/411.jpg,1,test
midjourney-v6.1/168.jpg,1,test
midjourney-v6.1/529.jpg,1,test
midjourney-v6.1/143.jpg,1,test
midjourney-v6.1/194.jpg,1,test
midjourney-v6.1/485.jpg,1,test
midjourney-v6.1/625.jpg,1,test
midjourney-v6.1/598.jpg,1,test
midjourney-v6.1/472.jpg,1,test
midjourney-v6.1/72.jpg,1,test
midjourney-v6.1/509.jpg,1,test
midjourney-v6.1/212.jpg,1,test
midjourney-v6.1/446.jpg,1,test
midjourney-v6.1/448.jpg,1,test
midjourney-v6.1/230.jpg,1,test
midjourney-v6.1/620.jpg,1,test
midjourney-v6.1/503.jpg,1,test
midjourney-v6.1/160.jpg,1,test
midjourney-v6.1/179.jpg,1,test
midjourney-v6.1/632.jpg,1,test
midjourney-v6.1/552.jpg,1,test
midjourney-v6.1/1.jpg,1,test
midjourney-v6.1/148.jpg,1,test
midjourney-v6.1/636.jpg,1,test
midjourney-v6.1/474.jpg,1,test
midjourney-v6.1/551.jpg,1,test
midjourney-v6.1/459.jpg,1,test
midjourney-v6.1/492.jpg,1,test
midjourney-v6.1/368.jpg,1,test
midjourney-v6.1/441.jpg,1,test
midjourney-v6.1/501.jpg,1,test
midjourney-v6.1/406.jpg,1,test
midjourney-v6.1/229.jpg,1,test
midjourney-v6.1/422.jpg,1,test
midjourney-v6.1/251.jpg,1,test
midjourney-v6.1/207.jpg,1,test
midjourney-v6.1/120.jpg,1,test
midjourney-v6.1/77.jpg,1,test
midjourney-v6.1/111.jpg,1,test
midjourney-v6.1/341.jpg,1,test
midjourney-v6.1/577.jpg,1,test
midjourney-v6.1/62.jpg,1,test
midjourney-v6.1/175.jpg,1,test
midjourney-v6.1/354.jpg,1,test
midjourney-v6.1/267.jpg,1,test
midjourney-v6.1/59.jpg,1,test
midjourney-v6.1/116.jpg,1,test
midjourney-v6.1/527.jpg,1,test
midjourney-v6.1/547.jpg,1,test
midjourney-v6.1/283.jpg,1,test
midjourney-v6.1/409.jpg,1,test
midjourney-v6.1/167.jpg,1,test
midjourney-v6.1/198.jpg,1,test
midjourney-v6.1/434.jpg,1,test
midjourney-v6.1/90.jpg,1,test
midjourney-v6.1/74.jpg,1,test
midjourney-v6.1/158.jpg,1,test
midjourney-v6.1/55.jpg,1,test
midjourney-v6.1/542.jpg,1,test
midjourney-v6.1/98.jpg,1,test
midjourney-v6.1/223.jpg,1,test
midjourney-v6.1/18.jpg,1,test
midjourney-v6.1/476.jpg,1,test
midjourney-v6.1/567.jpg,1,test
midjourney-v6.1/613.jpg,1,test
midjourney-v6.1/421.jpg,1,test
midjourney-v6.1/431.jpg,1,test
midjourney-v6.1/256.jpg,1,test
midjourney-v6.1/16.jpg,1,test
midjourney-v6.1/284.jpg,1,test
midjourney-v6.1/334.jpg,1,test
midjourney-v6.1/234.jpg,1,test
midjourney-v6.1/157.jpg,1,test
midjourney-v6.1/242.jpg,1,test
midjourney-v6.1/257.jpg,1,test
midjourney-v6.1/325.jpg,1,test
midjourney-v6.1/21.jpg,1,test
midjourney-v6.1/331.jpg,1,test
midjourney-v6.1/606.jpg,1,test
midjourney-v6.1/603.jpg,1,test
midjourney-v6.1/468.jpg,1,test
midjourney-v6.1/428.jpg,1,test
midjourney-v6.1/227.jpg,1,test
midjourney-v6.1/619.jpg,1,test
midjourney-v6.1/499.jpg,1,test
midjourney-v6.1/591.jpg,1,test
midjourney-v6.1/11.jpg,1,test
midjourney-v6.1/165.jpg,1,test
midjourney-v6.1/151.jpg,1,test
midjourney-v6.1/191.jpg,1,test
midjourney-v6.1/418.jpg,1,test
midjourney-v6.1/361.jpg,1,test
midjourney-v6.1/200.jpg,1,test
midjourney-v6.1/185.jpg,1,test
midjourney-v6.1/215.jpg,1,test
midjourney-v6.1/224.jpg,1,test
midjourney-v6.1/556.jpg,1,test
midjourney-v6.1/580.jpg,1,test
midjourney-v6.1/9.jpg,1,test
midjourney-v6.1/491.jpg,1,test
midjourney-v6.1/584.jpg,1,test
midjourney-v6.1/366.jpg,1,test
midjourney-v6.1/241.jpg,1,test
midjourney-v6.1/102.jpg,1,test
midjourney-v6.1/557.jpg,1,test
midjourney-v6.1/22.jpg,1,test
midjourney-v6.1/169.jpg,1,test
midjourney-v6.1/578.jpg,1,test
midjourney-v6.1/528.jpg,1,test
midjourney-v6.1/516.jpg,1,test
midjourney-v6.1/555.jpg,1,test
midjourney-v6.1/132.jpg,1,test
midjourney-v6.1/471.jpg,1,test
midjourney-v6.1/219.jpg,1,test
midjourney-v6.1/396.jpg,1,test
midjourney-v6.1/195.jpg,1,test
midjourney-v6.1/395.jpg,1,test
midjourney-v6.1/298.jpg,1,test
midjourney-v6.1/344.jpg,1,test
midjourney-v6.1/218.jpg,1,test
midjourney-v6.1/436.jpg,1,test
midjourney-v6.1/155.jpg,1,test
midjourney-v6.1/253.jpg,1,test
midjourney-v6.1/131.jpg,1,test
midjourney-v6.1/408.jpg,1,test
midjourney-v6.1/352.jpg,1,test
midjourney-v6.1/597.jpg,1,test
midjourney-v6.1/453.jpg,1,test
midjourney-v6.1/295.jpg,1,test
midjourney-v6.1/573.jpg,1,test
midjourney-v6.1/464.jpg,1,test
midjourney-v6.1/304.jpg,1,test
midjourney-v6.1/271.jpg,1,test
midjourney-v6.1/211.jpg,1,test
midjourney-v6.1/64.jpg,1,test
midjourney-v6.1/150.jpg,1,test
midjourney-v6.1/106.jpg,1,test
midjourney-v6.1/208.jpg,1,test
midjourney-v6.1/456.jpg,1,test
midjourney-v6.1/534.jpg,1,test
midjourney-v6.1/226.jpg,1,test
midjourney-v6.1/286.jpg,1,test
midjourney-v6.1/575.jpg,1,test
midjourney-v6.1/56.jpg,1,test
midjourney-v6.1/23.jpg,1,test
midjourney-v6.1/122.jpg,1,test
midjourney-v6.1/39.jpg,1,test
midjourney-v6.1/235.jpg,1,test
midjourney-v6.1/596.jpg,1,test
midjourney-v6.1/103.jpg,1,test
midjourney-v6.1/240.jpg,1,test
midjourney-v6.1/510.jpg,1,test
midjourney-v6.1/381.jpg,1,test
midjourney-v6.1/299.jpg,1,test
midjourney-v6.1/343.jpg,1,test
midjourney-v6.1/473.jpg,1,test
midjourney-v6.1/340.jpg,1,test
midjourney-v6.1/565.jpg,1,test
midjourney-v6.1/100.jpg,1,test
midjourney-v6.1/80.jpg,1,test
midjourney-v6.1/332.jpg,1,test
midjourney-v6.1/34.jpg,1,test
midjourney-v6.1/382.jpg,1,test
midjourney-v6.1/506.jpg,1,test
midjourney-v6.1/622.jpg,1,test
midjourney-v6.1/213.jpg,1,test
midjourney-v6.1/335.jpg,1,test
midjourney-v6.1/83.jpg,1,test
midjourney-v6.1/420.jpg,1,test
midjourney-v6.1/560.jpg,1,test
midjourney-v6.1/321.jpg,1,test
midjourney-v6.1/549.jpg,1,test
midjourney-v6.1/432.jpg,1,test
midjourney-v6.1/590.jpg,1,test
midjourney-v6.1/108.jpg,1,test
midjourney-v6.1/188.jpg,1,test
midjourney-v6.1/371.jpg,1,test
midjourney-v6.1/281.jpg,1,test
midjourney-v6.1/380.jpg,1,test
midjourney-v6.1/266.jpg,1,test
midjourney-v6.1/17.jpg,1,test
midjourney-v6.1/617.jpg,1,test
midjourney-v6.1/149.jpg,1,test
midjourney-v6.1/384.jpg,1,test
midjourney-v6.1/407.jpg,1,test
midjourney-v6.1/488.jpg,1,test
midjourney-v6.1/145.jpg,1,test
midjourney-v6.1/272.jpg,1,test
midjourney-v6.1/427.jpg,1,test
midjourney-v6.1/19.jpg,1,test
midjourney-v6.1/109.jpg,1,test
midjourney-v6.1/75.jpg,1,test
midjourney-v6.1/467.jpg,1,test
midjourney-v6.1/376.jpg,1,test
midjourney-v6.1/497.jpg,1,test
midjourney-v6.1/626.jpg,1,test
midjourney-v6.1/523.jpg,1,test
midjourney-v6.1/570.jpg,1,test
midjourney-v6.1/394.jpg,1,test
midjourney-v6.1/248.jpg,1,test
midjourney-v6.1/571.jpg,1,test
midjourney-v6.1/139.jpg,1,test
midjourney-v6.1/260.jpg,1,test
midjourney-v6.1/127.jpg,1,test
midjourney-v6.1/43.jpg,1,test
midjourney-v6.1/356.jpg,1,test
midjourney-v6.1/635.jpg,1,test
midjourney-v6.1/373.jpg,1,test
midjourney-v6.1/546.jpg,1,test
midjourney-v6.1/515.jpg,1,test
midjourney-v6.1/20.jpg,1,test
midjourney-v6.1/42.jpg,1,test
midjourney-v6.1/609.jpg,1,test
midjourney-v6.1/477.jpg,1,test
midjourney-v6.1/458.jpg,1,test
midjourney-v6.1/607.jpg,1,test
midjourney-v6.1/450.jpg,1,test
midjourney-v6.1/342.jpg,1,test
midjourney-v6.1/482.jpg,1,test
midjourney-v6.1/2.jpg,1,test
midjourney-v6.1/141.jpg,1,test
midjourney-v6.1/533.jpg,1,test
midjourney-v6.1/176.jpg,1,test
midjourney-v6.1/264.jpg,1,test
midjourney-v6.1/588.jpg,1,test
midjourney-v6.1/367.jpg,1,test
midjourney-v6.1/76.jpg,1,test
midjourney-v6.1/45.jpg,1,test
midjourney-v6.1/387.jpg,1,test
midjourney-v6.1/358.jpg,1,test
midjourney-v6.1/429.jpg,1,test
midjourney-v6.1/623.jpg,1,test
midjourney-v6.1/273.jpg,1,test
midjourney-v6.1/568.jpg,1,test
midjourney-v6.1/247.jpg,1,test
midjourney-v6.1/197.jpg,1,test
