image,class,split
OpenImagesDataset/test/1815ef2670315eb0.png,0,test
OpenImagesDataset/test/4612a6241a2be055.png,0,test
OpenImagesDataset/test/f165a323fe25b785.png,0,test
OpenImagesDataset/test/e0ab5ce26eb55a47.png,0,test
OpenImagesDataset/test/40851ad56d39de8e.png,0,test
OpenImagesDataset/test/208ecbee03fbe852.png,0,test
OpenImagesDataset/test/655024d9cc2e095a.png,0,test
OpenImagesDataset/test/f8d40d17ced6cd2b.png,0,test
OpenImagesDataset/test/2d0b2e9fe39a9f06.png,0,test
OpenImagesDataset/test/1ff39c91ee8ca81f.png,0,test
OpenImagesDataset/test/cb2fa60b50a5a531.png,0,test
OpenImagesDataset/test/b185e5f86d647f08.png,0,test
OpenImagesDataset/test/3ab70931985f806a.png,0,test
OpenImagesDataset/test/9fe005624077ebdf.png,0,test
OpenImagesDataset/test/e341e8b2e7208dde.png,0,test
OpenImagesDataset/test/5ad4a95fc72c63d0.png,0,test
OpenImagesDataset/test/4fab35e445ca85a2.png,0,test
OpenImagesDataset/test/40c73b1bdcf351ed.png,0,test
OpenImagesDataset/test/18e223eb7dd9b6c3.png,0,test
OpenImagesDataset/test/a2408dc64982a2bd.png,0,test
OpenImagesDataset/test/32126bec70755839.png,0,test
OpenImagesDataset/test/56fcc1e88f8a507a.png,0,test
OpenImagesDataset/test/8641019369e711bf.png,0,test
OpenImagesDataset/test/ac7bbb806662f5be.png,0,test
OpenImagesDataset/test/69cfab94ec4a9923.png,0,test
OpenImagesDataset/test/27e999c3af193d36.png,0,test
OpenImagesDataset/test/2351e8ef7d60e0a3.png,0,test
OpenImagesDataset/test/573cd2480457e201.png,0,test
OpenImagesDataset/test/0f6deca6dd38d0e3.png,0,test
OpenImagesDataset/test/2a3185f8c8126eb2.png,0,test
OpenImagesDataset/test/f444abe64f76c323.png,0,test
OpenImagesDataset/test/a4e479f552b400ae.png,0,test
OpenImagesDataset/test/41a914d4f94579ae.png,0,test
OpenImagesDataset/test/3176e7cb69461bfd.png,0,test
OpenImagesDataset/test/3c3a5a39c2ab12ec.png,0,test
OpenImagesDataset/test/20ca5cec6b4e013c.png,0,test
OpenImagesDataset/test/32cf96751bc7ab03.png,0,test
OpenImagesDataset/test/2871e243fc527d3a.png,0,test
OpenImagesDataset/test/fa1438b975af02f2.png,0,test
OpenImagesDataset/test/234f0d363cb11084.png,0,test
OpenImagesDataset/test/6a7217931094fe54.png,0,test
OpenImagesDataset/test/bd5fac6f4fe55e04.png,0,test
OpenImagesDataset/test/d472f8dd712a72ac.png,0,test
OpenImagesDataset/test/3420ae25e8521720.png,0,test
OpenImagesDataset/test/033a2d3f9eac6188.png,0,test
OpenImagesDataset/test/e00e719102d9fb61.png,0,test
OpenImagesDataset/test/abcca2f63256a430.png,0,test
OpenImagesDataset/test/f53b0c278026feab.png,0,test
OpenImagesDataset/test/99a38b934efdd521.png,0,test
OpenImagesDataset/test/22b039649111ffb6.png,0,test
OpenImagesDataset/test/d84fe45c283e292d.png,0,test
OpenImagesDataset/test/37901124c0527d2a.png,0,test
OpenImagesDataset/test/d8f865f115145553.png,0,test
OpenImagesDataset/test/d4562c749529c99b.png,0,test
OpenImagesDataset/test/cf792d90f4eed3d7.png,0,test
OpenImagesDataset/test/c940807fb360334f.png,0,test
OpenImagesDataset/test/ccf1711b302d86d7.png,0,test
OpenImagesDataset/test/bcda4a6cef225575.png,0,test
OpenImagesDataset/test/cc49e954ef6edccc.png,0,test
OpenImagesDataset/test/54afc762f0f19a06.png,0,test
OpenImagesDataset/test/0f97088f6695f3b6.png,0,test
OpenImagesDataset/test/895dbfa06f80d04b.png,0,test
OpenImagesDataset/test/bc1cab21b79505a6.png,0,test
OpenImagesDataset/test/15fd7f97c12b32be.png,0,test
OpenImagesDataset/test/dd6451640ba55619.png,0,test
OpenImagesDataset/test/47eea1cf189bc961.png,0,test
OpenImagesDataset/test/ecbf0928a3d6aff0.png,0,test
OpenImagesDataset/test/ae8f8a7358d0e64c.png,0,test
OpenImagesDataset/test/ee01c4c052a86aa0.png,0,test
OpenImagesDataset/test/24fdd026fabc5ac5.png,0,test
OpenImagesDataset/test/416ddc6595e1a9c8.png,0,test
OpenImagesDataset/test/4f9b845a11ba49a4.png,0,test
OpenImagesDataset/test/0dc9c6b1a0d95c70.png,0,test
OpenImagesDataset/test/0977359a93902547.png,0,test
OpenImagesDataset/test/bc84a4ac07f68e86.png,0,test
OpenImagesDataset/test/67a7f29f159b2211.png,0,test
OpenImagesDataset/test/8101f22ba6a4fb25.png,0,test
OpenImagesDataset/test/f0bd5e553feabe15.png,0,test
OpenImagesDataset/test/5fab97f9d2bbdc58.png,0,test
OpenImagesDataset/test/a96aea8b66ad08d5.png,0,test
OpenImagesDataset/test/01905f180fe41311.png,0,test
OpenImagesDataset/test/af0bee4a3c2c43ec.png,0,test
OpenImagesDataset/test/541b67f99829a063.png,0,test
OpenImagesDataset/test/625039581f4e8e13.png,0,test
OpenImagesDataset/test/83a0ba2786d01a90.png,0,test
OpenImagesDataset/test/1d33f79971824c1c.png,0,test
OpenImagesDataset/test/4c78cd030d7f408a.png,0,test
OpenImagesDataset/test/70ebf79467939e66.png,0,test
OpenImagesDataset/test/faaee8d12d2ed496.png,0,test
OpenImagesDataset/test/4a1826d951d10685.png,0,test
OpenImagesDataset/test/32fc8ec0746a0b51.png,0,test
OpenImagesDataset/test/e222df89a3e294fd.png,0,test
OpenImagesDataset/test/6708478ef5ceed42.png,0,test
OpenImagesDataset/test/ba042fd30b3f8d6b.png,0,test
OpenImagesDataset/test/f7045c060e039445.png,0,test
OpenImagesDataset/test/d69e9423ee405875.png,0,test
OpenImagesDataset/test/d3a3acf6f4914cbc.png,0,test
OpenImagesDataset/test/253ec416050934d0.png,0,test
OpenImagesDataset/test/1066b9677f35b75a.png,0,test
OpenImagesDataset/test/6136fc5afc98e205.png,0,test
OpenImagesDataset/test/273581cbca4d3374.png,0,test
OpenImagesDataset/test/d3b638e61f43751c.png,0,test
OpenImagesDataset/test/6e70dbf1fafc26af.png,0,test
OpenImagesDataset/test/93a9d4990e82ddd3.png,0,test
OpenImagesDataset/test/d7186053c7bc9327.png,0,test
OpenImagesDataset/test/d9c35e6478e850a2.png,0,test
OpenImagesDataset/test/b4426ef957c1a6f8.png,0,test
OpenImagesDataset/test/609b5420a3248c60.png,0,test
OpenImagesDataset/test/b33ce3e8cee7237f.png,0,test
OpenImagesDataset/test/108aa5598de4fa0b.png,0,test
OpenImagesDataset/test/68cde3bb8816c22a.png,0,test
OpenImagesDataset/test/ef0ed47b702fbc67.png,0,test
OpenImagesDataset/test/6ba678ab3eded6ec.png,0,test
OpenImagesDataset/test/cf571d79ae4f5ee2.png,0,test
OpenImagesDataset/test/71c3a2ecf0e43107.png,0,test
OpenImagesDataset/test/8443aa193b64d379.png,0,test
OpenImagesDataset/test/cc4fe6a216643149.png,0,test
OpenImagesDataset/test/44cdcd08d0b57d37.png,0,test
OpenImagesDataset/test/56e81f69938dae25.png,0,test
OpenImagesDataset/test/25ee3d8a856edd3c.png,0,test
OpenImagesDataset/test/a29fec842035cf80.png,0,test
OpenImagesDataset/test/21908c18b3abf09f.png,0,test
OpenImagesDataset/test/af0df1c318e75cfd.png,0,test
OpenImagesDataset/test/8d9924f5db950acf.png,0,test
OpenImagesDataset/test/07298569627bddc3.png,0,test
OpenImagesDataset/test/72af9692ccd75044.png,0,test
OpenImagesDataset/test/5fb14675a56c0134.png,0,test
OpenImagesDataset/test/3c4887add4bff7f2.png,0,test
OpenImagesDataset/test/50ecdb55ae284196.png,0,test
OpenImagesDataset/test/eb86c9f40a2c140e.png,0,test
OpenImagesDataset/test/ca2bb693b8e10be7.png,0,test
OpenImagesDataset/test/9541dd605d61cb4c.png,0,test
OpenImagesDataset/test/594a548065fc579d.png,0,test
OpenImagesDataset/test/d30586722960bd7b.png,0,test
OpenImagesDataset/test/61ccc92aaf64f8f5.png,0,test
OpenImagesDataset/test/cde719fc56bc212e.png,0,test
OpenImagesDataset/test/c87e54bfeae26632.png,0,test
OpenImagesDataset/test/6cd6e11a21d43c51.png,0,test
OpenImagesDataset/test/156ae68de2371695.png,0,test
OpenImagesDataset/test/e3aa58d137acaa7e.png,0,test
OpenImagesDataset/test/07fc32c879cddc31.png,0,test
OpenImagesDataset/test/4fdf46d8a78a5316.png,0,test
OpenImagesDataset/test/4b3e37898c3f626a.png,0,test
OpenImagesDataset/test/a1bd032c6d33e2da.png,0,test
OpenImagesDataset/test/6836f1f20151e525.png,0,test
OpenImagesDataset/test/9037f891bd4ccab6.png,0,test
OpenImagesDataset/test/a926ee2797c91536.png,0,test
OpenImagesDataset/test/5201c8c7e98d4645.png,0,test
OpenImagesDataset/test/0c15cedc8716a24b.png,0,test
OpenImagesDataset/test/fe017ce89da677a2.png,0,test
OpenImagesDataset/test/6bca728bdcc81273.png,0,test
OpenImagesDataset/test/8339209beacb42f2.png,0,test
OpenImagesDataset/test/eb6a929172af5a8e.png,0,test
OpenImagesDataset/test/294c66a73e54c130.png,0,test
OpenImagesDataset/test/5180258e32706983.png,0,test
OpenImagesDataset/test/006960490a7373bc.png,0,test
OpenImagesDataset/test/da62608204cdba2a.png,0,test
OpenImagesDataset/test/0df0023c31dce0df.png,0,test
OpenImagesDataset/test/0b69a552a94a2ead.png,0,test
OpenImagesDataset/test/17c2eb54cb88fd91.png,0,test
OpenImagesDataset/test/33fa11775acd6a4c.png,0,test
OpenImagesDataset/test/470570dec9733c42.png,0,test
OpenImagesDataset/test/d22475c99e9bb9b2.png,0,test
OpenImagesDataset/test/7b50abf2fae49fb0.png,0,test
OpenImagesDataset/test/d1c7bd7a88f1f4c5.png,0,test
OpenImagesDataset/test/fc3009fac083be8d.png,0,test
OpenImagesDataset/test/6bed385616414925.png,0,test
OpenImagesDataset/test/90332f3df3ca622c.png,0,test
OpenImagesDataset/test/c6e638767a8a195a.png,0,test
OpenImagesDataset/test/0d2eeaccda7e4c1b.png,0,test
OpenImagesDataset/test/90faecd3c98d9f48.png,0,test
OpenImagesDataset/test/ebf44bd1da6416de.png,0,test
OpenImagesDataset/test/413da9e4e5e2daf1.png,0,test
OpenImagesDataset/test/2efdb55f2cf4e4f1.png,0,test
OpenImagesDataset/test/233758fd604e3722.png,0,test
OpenImagesDataset/test/3399988665f866a2.png,0,test
OpenImagesDataset/test/627854c7701a2863.png,0,test
OpenImagesDataset/test/f622fd5ee331370a.png,0,test
OpenImagesDataset/test/92fb457f79fd1a79.png,0,test
OpenImagesDataset/test/08466d6f545a38c5.png,0,test
OpenImagesDataset/test/05e3226855dfe11c.png,0,test
OpenImagesDataset/test/8d939c04a02f89cc.png,0,test
OpenImagesDataset/test/4908c03eabfb5a87.png,0,test
OpenImagesDataset/test/21e0d7aadc50f911.png,0,test
OpenImagesDataset/test/2c070502162695ca.png,0,test
OpenImagesDataset/test/8fe99797cb8d30aa.png,0,test
OpenImagesDataset/test/07d4bdcea907ab25.png,0,test
OpenImagesDataset/test/bb6ff19fb7f03f6d.png,0,test
OpenImagesDataset/test/2b4a6088b668b677.png,0,test
OpenImagesDataset/test/50feadad626fcb35.png,0,test
OpenImagesDataset/test/b43a26a84ef8916c.png,0,test
OpenImagesDataset/test/b56f23e6803f4abb.png,0,test
OpenImagesDataset/test/e378899bcebee969.png,0,test
OpenImagesDataset/test/af3fee4fc4620ed6.png,0,test
OpenImagesDataset/test/cbaf8b4bc2a5a80f.png,0,test
OpenImagesDataset/test/f4e471e129d4792f.png,0,test
OpenImagesDataset/test/6a5f8d519830eb50.png,0,test
OpenImagesDataset/test/bf12f1db5297acbd.png,0,test
OpenImagesDataset/test/a53c0f114612bf66.png,0,test
OpenImagesDataset/test/c626ae41eb2f799d.png,0,test
OpenImagesDataset/test/f4830c4c814a7c14.png,0,test
OpenImagesDataset/test/9dcd010b8f3027cd.png,0,test
OpenImagesDataset/test/4322673c99c6ee35.png,0,test
OpenImagesDataset/test/f2c828155e04b877.png,0,test
OpenImagesDataset/test/0e43f9803b11b988.png,0,test
OpenImagesDataset/test/a490b02fdcaabaaf.png,0,test
OpenImagesDataset/test/99f4644a41112662.png,0,test
OpenImagesDataset/test/464a1645bc656217.png,0,test
OpenImagesDataset/test/fa75e3ccd1e5b372.png,0,test
OpenImagesDataset/test/fc9e30a047ec880a.png,0,test
OpenImagesDataset/test/d6f47aa23d0012b8.png,0,test
OpenImagesDataset/test/ebf4585e79e0de89.png,0,test
OpenImagesDataset/test/ee051e98dab98c0d.png,0,test
OpenImagesDataset/test/92a666a8f7100390.png,0,test
OpenImagesDataset/test/0ceef1d021e3c616.png,0,test
OpenImagesDataset/test/52c04c25846e029b.png,0,test
OpenImagesDataset/test/85ebda2283a7a942.png,0,test
OpenImagesDataset/test/0472adc387814f6a.png,0,test
OpenImagesDataset/test/020b7b734ecf7a17.png,0,test
OpenImagesDataset/test/d515c78a28b0775d.png,0,test
OpenImagesDataset/test/da3e20e8e44f8899.png,0,test
OpenImagesDataset/test/98efcf2ba1bc27cf.png,0,test
OpenImagesDataset/test/f000e6cc1cd75df2.png,0,test
OpenImagesDataset/test/c4aab341075446d1.png,0,test
OpenImagesDataset/test/ee2da5dcf2e7f740.png,0,test
OpenImagesDataset/test/9e0810db77fdf66b.png,0,test
OpenImagesDataset/test/158b25958539864a.png,0,test
OpenImagesDataset/test/a5097668c5d58fa6.png,0,test
OpenImagesDataset/test/3c1d08874d6b9fd3.png,0,test
OpenImagesDataset/test/9f955b348aceec31.png,0,test
OpenImagesDataset/test/2636d64b4e7d3148.png,0,test
OpenImagesDataset/test/b40886fcde52ef82.png,0,test
OpenImagesDataset/test/6c3ad171f41eabce.png,0,test
OpenImagesDataset/test/cba672cf17c06d34.png,0,test
OpenImagesDataset/test/d3d18b02a2beb565.png,0,test
OpenImagesDataset/test/03ac8b1dd6db728b.png,0,test
OpenImagesDataset/test/420ec608ad42430e.png,0,test
OpenImagesDataset/test/4f623cae504a8c97.png,0,test
OpenImagesDataset/test/171bca7e67c741cf.png,0,test
OpenImagesDataset/test/c56351a69dc7a06b.png,0,test
OpenImagesDataset/test/bd5c06b3b4b4d96e.png,0,test
OpenImagesDataset/test/208205ba0d290b49.png,0,test
OpenImagesDataset/test/f4e083ec372c4105.png,0,test
OpenImagesDataset/test/d9255d98643e445b.png,0,test
OpenImagesDataset/test/3f51a52be823ef68.png,0,test
OpenImagesDataset/test/862af95676ce06fb.png,0,test
OpenImagesDataset/test/60e20252060f3f1f.png,0,test
OpenImagesDataset/test/a7c8308559b302b7.png,0,test
OpenImagesDataset/test/58ae2304529cd6ab.png,0,test
OpenImagesDataset/test/036a65c9bbf86550.png,0,test
OpenImagesDataset/test/ac02413770bd94bc.png,0,test
OpenImagesDataset/test/0788b347e6b4d4d6.png,0,test
OpenImagesDataset/test/7b0a7367e39d7ae9.png,0,test
OpenImagesDataset/test/6dd4d7548bd0ec8d.png,0,test
OpenImagesDataset/test/f34a961cf926696e.png,0,test
OpenImagesDataset/test/3245d0a388680c83.png,0,test
OpenImagesDataset/test/befa1b5aaabcd554.png,0,test
OpenImagesDataset/test/d24da127fabc68f3.png,0,test
OpenImagesDataset/test/959f492f7637502f.png,0,test
OpenImagesDataset/test/00812a688e387d43.png,0,test
OpenImagesDataset/test/3e2d6b8f16addc6e.png,0,test
OpenImagesDataset/test/2aa04895764d7dd9.png,0,test
OpenImagesDataset/test/3dd1150dbe78c22f.png,0,test
OpenImagesDataset/test/20c363be190f0829.png,0,test
OpenImagesDataset/test/56f159fade645f65.png,0,test
OpenImagesDataset/test/2e4a45164700fdc8.png,0,test
OpenImagesDataset/test/6c121daeb6497385.png,0,test
OpenImagesDataset/test/09db444f904f79a1.png,0,test
OpenImagesDataset/test/508e797901f240dd.png,0,test
OpenImagesDataset/test/2d6eef206095ba72.png,0,test
OpenImagesDataset/test/c9a40ded7cb17946.png,0,test
OpenImagesDataset/test/364f115d9979e6c1.png,0,test
OpenImagesDataset/test/83909dd58b9c6d05.png,0,test
OpenImagesDataset/test/f0dc35cfaad9d472.png,0,test
OpenImagesDataset/test/b24f383e9456ad41.png,0,test
OpenImagesDataset/test/1bf51ec72143c3f7.png,0,test
OpenImagesDataset/test/5dbffbad430735c8.png,0,test
OpenImagesDataset/test/1c0f6291dea1adb6.png,0,test
OpenImagesDataset/test/ca0113184aebcdb9.png,0,test
OpenImagesDataset/test/3024d23311fc7e67.png,0,test
OpenImagesDataset/test/6a82985a81d074e8.png,0,test
OpenImagesDataset/test/6531ae4b52225a8e.png,0,test
OpenImagesDataset/test/0bdc37410ad0c98c.png,0,test
OpenImagesDataset/test/fb7731d2bf65340f.png,0,test
OpenImagesDataset/test/bd5206808e506fdc.png,0,test
OpenImagesDataset/test/2b992f806c387624.png,0,test
OpenImagesDataset/test/3193589b6ebfb634.png,0,test
OpenImagesDataset/test/a5ed36d7d48cab9c.png,0,test
OpenImagesDataset/test/80b95a8935913250.png,0,test
OpenImagesDataset/test/e470100eed3c6c1e.png,0,test
OpenImagesDataset/test/4e58e56f0b3d3bb2.png,0,test
OpenImagesDataset/test/54dabf4b72776b16.png,0,test
OpenImagesDataset/test/8a77b271765657bd.png,0,test
OpenImagesDataset/test/54b2b9bce72e171f.png,0,test
OpenImagesDataset/test/72d4320e6776cd17.png,0,test
OpenImagesDataset/test/b3b6f8fddd722563.png,0,test
OpenImagesDataset/test/c36d8966a9eb1913.png,0,test
OpenImagesDataset/test/668081e722674002.png,0,test
OpenImagesDataset/test/376ca81693b4b792.png,0,test
OpenImagesDataset/test/1042f6f4890bc877.png,0,test
OpenImagesDataset/test/537624508a5357b5.png,0,test
OpenImagesDataset/test/d58c0cdf95e55f27.png,0,test
OpenImagesDataset/test/06fb85ef90081c64.png,0,test
OpenImagesDataset/test/7312ba9f7ed50eb7.png,0,test
OpenImagesDataset/test/fa9f5986c42afdc5.png,0,test
OpenImagesDataset/test/feefa11fd6caa389.png,0,test
OpenImagesDataset/test/e9fef8a8ea75cdd3.png,0,test
OpenImagesDataset/test/04cdaa5cff6efc2c.png,0,test
OpenImagesDataset/test/e84ee8d1c6769765.png,0,test
OpenImagesDataset/test/4311a68f5eeafc07.png,0,test
OpenImagesDataset/test/ed65f00e4cdada37.png,0,test
OpenImagesDataset/test/080ff38e850883a7.png,0,test
OpenImagesDataset/test/53540f79e82eae48.png,0,test
OpenImagesDataset/test/8ff03f1c01114027.png,0,test
OpenImagesDataset/test/89db8be98bd5e5c7.png,0,test
OpenImagesDataset/test/b9a836930d49ebb9.png,0,test
OpenImagesDataset/test/58e34f1b22121693.png,0,test
OpenImagesDataset/test/25a8f4f5979207b8.png,0,test
OpenImagesDataset/test/f81c8f91b9aeee39.png,0,test
OpenImagesDataset/test/75c4a378630097f9.png,0,test
OpenImagesDataset/test/0e3f82eae457eb49.png,0,test
OpenImagesDataset/test/f5fb733f3f06d063.png,0,test
OpenImagesDataset/test/33f91329d43a40f1.png,0,test
OpenImagesDataset/test/fdf995c519cae6c6.png,0,test
OpenImagesDataset/test/3cf71211946ede49.png,0,test
OpenImagesDataset/test/0e33e0d79a3b416a.png,0,test
OpenImagesDataset/test/4ec7b90c482db508.png,0,test
OpenImagesDataset/test/4953fda4aacc209d.png,0,test
OpenImagesDataset/test/28e60e9fb35d820e.png,0,test
OpenImagesDataset/test/64eb1674a9b36954.png,0,test
OpenImagesDataset/test/a6db0967c157854d.png,0,test
OpenImagesDataset/test/9af73810a54cc562.png,0,test
OpenImagesDataset/test/ab4cb2e897eaddde.png,0,test
OpenImagesDataset/test/4cf816255bf9bdd8.png,0,test
OpenImagesDataset/test/93908cfaf9b634e2.png,0,test
OpenImagesDataset/test/5af7b12cb1e77ea7.png,0,test
OpenImagesDataset/test/e499d8da3eaae392.png,0,test
OpenImagesDataset/test/d2ef8f4bfba0d4f3.png,0,test
OpenImagesDataset/test/47e95bd5c55f07c2.png,0,test
OpenImagesDataset/test/460a97a1742f99f4.png,0,test
OpenImagesDataset/test/ded604c8d50230b9.png,0,test
OpenImagesDataset/test/80ebb64472526648.png,0,test
OpenImagesDataset/test/eb386a86e5f4a653.png,0,test
OpenImagesDataset/test/e8ee16d9a20b992f.png,0,test
OpenImagesDataset/test/d47693be59e06182.png,0,test
OpenImagesDataset/test/e8bc35b55e0ca842.png,0,test
OpenImagesDataset/test/c13e0eca90a060a5.png,0,test
OpenImagesDataset/test/7522235e1ad432ae.png,0,test
OpenImagesDataset/test/0b0e46b5683b443f.png,0,test
OpenImagesDataset/test/00ad00e25bf4a7bc.png,0,test
OpenImagesDataset/test/6358006aa32377c5.png,0,test
OpenImagesDataset/test/21a642b754828058.png,0,test
OpenImagesDataset/test/6fe57191fc50e1a9.png,0,test
OpenImagesDataset/test/dac2008b12a144d9.png,0,test
OpenImagesDataset/test/8af3da6b199c45dc.png,0,test
OpenImagesDataset/test/90436c7e61ce2c9a.png,0,test
OpenImagesDataset/test/2e0c61583ee283f8.png,0,test
OpenImagesDataset/test/887a34e8ec3c556b.png,0,test
OpenImagesDataset/test/217810dd260088d1.png,0,test
OpenImagesDataset/test/ee40fce6a75a76af.png,0,test
OpenImagesDataset/test/535d488f00e610ac.png,0,test
OpenImagesDataset/test/e1f1a3ae4881e127.png,0,test
OpenImagesDataset/test/17b34edec4312fa6.png,0,test
OpenImagesDataset/test/af72148e6ce15e25.png,0,test
OpenImagesDataset/test/dc59f03aabdd3065.png,0,test
OpenImagesDataset/test/ed38826632f2ef38.png,0,test
OpenImagesDataset/test/dffe0a1051193d5f.png,0,test
OpenImagesDataset/test/a0405bac0080cea6.png,0,test
OpenImagesDataset/test/74cf74ec7469c0cf.png,0,test
OpenImagesDataset/test/ff11b5c5345d25af.png,0,test
OpenImagesDataset/test/cdb1f7b61e51221f.png,0,test
OpenImagesDataset/test/83c1c231eb37543e.png,0,test
OpenImagesDataset/test/67d34efa217d9a28.png,0,test
OpenImagesDataset/test/33e89b6d7ae0820a.png,0,test
OpenImagesDataset/test/037d01ea79f33a44.png,0,test
OpenImagesDataset/test/c5768654f5c2f9f0.png,0,test
OpenImagesDataset/test/d3de1e1d1e657120.png,0,test
OpenImagesDataset/test/21eac74cc306ee57.png,0,test
OpenImagesDataset/test/6dba14afff8ec0b8.png,0,test
OpenImagesDataset/test/c70f2bd1bed12194.png,0,test
OpenImagesDataset/test/77d8f1427530d52c.png,0,test
OpenImagesDataset/test/0e105ec6ccf5c23c.png,0,test
OpenImagesDataset/test/60f32dbb6cd28042.png,0,test
OpenImagesDataset/test/71c5808bfd69c13d.png,0,test
OpenImagesDataset/test/682339dc03514498.png,0,test
OpenImagesDataset/test/5458125a838f44db.png,0,test
OpenImagesDataset/test/698b336fb57b2864.png,0,test
OpenImagesDataset/test/e4c2c24591458920.png,0,test
OpenImagesDataset/test/1f3973a7dcbd559f.png,0,test
OpenImagesDataset/test/a37bba5c343a7130.png,0,test
OpenImagesDataset/test/4088dc97c43d10b6.png,0,test
OpenImagesDataset/test/173d6fa712870904.png,0,test
OpenImagesDataset/test/6115e12fe07a6fe9.png,0,test
OpenImagesDataset/test/a288c3972dc65ea7.png,0,test
OpenImagesDataset/test/142b702a172fc8a8.png,0,test
OpenImagesDataset/test/49e2ad52cdcc7f2d.png,0,test
OpenImagesDataset/test/ebd286b5a35a0c2b.png,0,test
OpenImagesDataset/test/baf749217938dafb.png,0,test
OpenImagesDataset/test/ab07be624119a8b4.png,0,test
OpenImagesDataset/test/c9cd424f704597bc.png,0,test
OpenImagesDataset/test/99806978eff9c0b0.png,0,test
OpenImagesDataset/test/a7ec69c15b625bd3.png,0,test
OpenImagesDataset/test/6f895675b69c8159.png,0,test
OpenImagesDataset/test/9b958bc8a82146b0.png,0,test
OpenImagesDataset/test/a10be46ef10ff89e.png,0,test
OpenImagesDataset/test/777695766935dc5e.png,0,test
OpenImagesDataset/test/a2deabc292e18612.png,0,test
OpenImagesDataset/test/f389d1b3aefdbff5.png,0,test
OpenImagesDataset/test/0bdc378272c98063.png,0,test
OpenImagesDataset/test/27e16931688a780f.png,0,test
OpenImagesDataset/test/ccbd3e50142446d1.png,0,test
OpenImagesDataset/test/01664ee7a0a4c312.png,0,test
OpenImagesDataset/test/d0171130e5f6ad1a.png,0,test
OpenImagesDataset/test/7b0e53c685e2d48f.png,0,test
OpenImagesDataset/test/5e786650c54071da.png,0,test
OpenImagesDataset/test/40986fd3bd0962c1.png,0,test
OpenImagesDataset/test/7a0dcb6674c993e5.png,0,test
OpenImagesDataset/test/5da1007fb1ded1b2.png,0,test
OpenImagesDataset/test/0561577bc1f2b79f.png,0,test
OpenImagesDataset/test/a9c4394554c9383e.png,0,test
OpenImagesDataset/test/c0ad154a8b0248ac.png,0,test
OpenImagesDataset/test/fb2b7595bde5dedc.png,0,test
OpenImagesDataset/test/e443b8378120284c.png,0,test
OpenImagesDataset/test/f3d192343e2ffd8e.png,0,test
OpenImagesDataset/test/9ddc8ddd7f3e49fe.png,0,test
OpenImagesDataset/test/2ed9e77c97542f51.png,0,test
OpenImagesDataset/test/c479a061acbf7ee6.png,0,test
OpenImagesDataset/test/f0239ccd7f1d7e71.png,0,test
OpenImagesDataset/test/c8bcf7cd6b8c9ab4.png,0,test
OpenImagesDataset/test/21a02a2c7a37869b.png,0,test
OpenImagesDataset/test/fe9fa5eef6817ec8.png,0,test
OpenImagesDataset/test/56c3b2d15b498b5e.png,0,test
OpenImagesDataset/test/dfdb06a7d081bfe1.png,0,test
OpenImagesDataset/test/339da939afa8a326.png,0,test
OpenImagesDataset/test/e76e17d68351cce4.png,0,test
OpenImagesDataset/test/b8a30ca30b1a915f.png,0,test
OpenImagesDataset/test/b6ea3f32a6d6cc55.png,0,test
OpenImagesDataset/test/15096d48402ecae5.png,0,test
OpenImagesDataset/test/1242d4fdabaf4e14.png,0,test
OpenImagesDataset/test/dbcc301d4be99d43.png,0,test
OpenImagesDataset/test/23d788568aeffe14.png,0,test
OpenImagesDataset/test/8e63c35f91ff2973.png,0,test
OpenImagesDataset/test/33841d8146644ae7.png,0,test
OpenImagesDataset/test/a9c62aea377b6295.png,0,test
OpenImagesDataset/test/2b060295b387e15b.png,0,test
OpenImagesDataset/test/b1acd6efaa446374.png,0,test
OpenImagesDataset/test/f8de418e9d5dcf55.png,0,test
OpenImagesDataset/test/56270f2c6df1c609.png,0,test
OpenImagesDataset/test/1bfc44e144538445.png,0,test
OpenImagesDataset/test/b2fb1da711e42eac.png,0,test
OpenImagesDataset/test/03b12e58a798c108.png,0,test
OpenImagesDataset/test/aeb3f848237c93f9.png,0,test
OpenImagesDataset/test/ef02311c72995cb0.png,0,test
OpenImagesDataset/test/d5f9e5c7dc100597.png,0,test
OpenImagesDataset/test/bbfaa8e80642a146.png,0,test
OpenImagesDataset/test/a8836bdcd384bb7c.png,0,test
OpenImagesDataset/test/af27afeb0a05831c.png,0,test
OpenImagesDataset/test/67fc0102dfa1de8e.png,0,test
OpenImagesDataset/test/84ff2c90dac928bd.png,0,test
OpenImagesDataset/test/1c3e64bc23ded3fb.png,0,test
OpenImagesDataset/test/6cb393c4b50a2c7a.png,0,test
OpenImagesDataset/test/71f63e7c8fcec125.png,0,test
OpenImagesDataset/test/ed19622c2bfd83aa.png,0,test
OpenImagesDataset/test/5b9591f0f81b6429.png,0,test
OpenImagesDataset/test/b25d39c6201beab4.png,0,test
OpenImagesDataset/test/1d2af5e8a2d928b8.png,0,test
OpenImagesDataset/test/9e22d3b2ed00f497.png,0,test
OpenImagesDataset/test/3942c5dc5c339fda.png,0,test
OpenImagesDataset/test/e40f68d7f6404882.png,0,test
OpenImagesDataset/test/60ceb7f9be874511.png,0,test
OpenImagesDataset/test/93ca40b617e3dbcc.png,0,test
OpenImagesDataset/test/fb576bec6e336301.png,0,test
OpenImagesDataset/test/c9a128d2766b4cf9.png,0,test
OpenImagesDataset/test/164e11a8bf2279fa.png,0,test
OpenImagesDataset/test/d2f1ad4d3e80cf66.png,0,test
OpenImagesDataset/test/9283e38d33693aa7.png,0,test
OpenImagesDataset/test/ddfe4709b1db7338.png,0,test
OpenImagesDataset/test/f5888a24f9c579e8.png,0,test
OpenImagesDataset/test/c6c86a2edd04f726.png,0,test
OpenImagesDataset/test/76ea895a1b01c578.png,0,test
OpenImagesDataset/test/04735341a1d6c046.png,0,test
OpenImagesDataset/test/c75f2287a99a60d8.png,0,test
OpenImagesDataset/test/f5be8c6c3034b064.png,0,test
OpenImagesDataset/test/1f8487ef4e7934c0.png,0,test
OpenImagesDataset/test/8e0cb0b04edf5082.png,0,test
OpenImagesDataset/test/e74bc7866118b708.png,0,test
OpenImagesDataset/test/ea14c7f019c8e26a.png,0,test
OpenImagesDataset/test/b90949eeaee21f8b.png,0,test
OpenImagesDataset/test/177980d4cad87dc7.png,0,test
OpenImagesDataset/test/cd3524c69c3338b3.png,0,test
OpenImagesDataset/test/6359d39d6c192bff.png,0,test
OpenImagesDataset/test/13c15d09480b7db7.png,0,test
OpenImagesDataset/test/40d8e9c3c03b17a7.png,0,test
OpenImagesDataset/test/13d55c4961174dd0.png,0,test
OpenImagesDataset/test/5afdfe67dde54a19.png,0,test
OpenImagesDataset/test/cd0a982fe7dc756a.png,0,test
OpenImagesDataset/test/354f03ea7f7f57e8.png,0,test
OpenImagesDataset/test/17b72f094211173f.png,0,test
OpenImagesDataset/test/1571768f086b1eea.png,0,test
OpenImagesDataset/test/ac707c01f340b602.png,0,test
OpenImagesDataset/test/716fcabbbba5a028.png,0,test
OpenImagesDataset/test/8c01e20adc07bf02.png,0,test
OpenImagesDataset/test/a990905c3b862396.png,0,test
OpenImagesDataset/test/6a55188c5b91b553.png,0,test
OpenImagesDataset/test/eae3a48ebef0f65e.png,0,test
OpenImagesDataset/test/78a6df7e84d7e269.png,0,test
OpenImagesDataset/test/df3771bfe3717979.png,0,test
OpenImagesDataset/test/b575a1d31115c6c8.png,0,test
OpenImagesDataset/test/03548af187031f01.png,0,test
OpenImagesDataset/test/3cdbc333bf0b8c89.png,0,test
OpenImagesDataset/test/95222ad34d60c744.png,0,test
OpenImagesDataset/test/85e74e85b34fdc81.png,0,test
OpenImagesDataset/test/0cff9829bbe42975.png,0,test
OpenImagesDataset/test/b2346769d4cba8ec.png,0,test
OpenImagesDataset/test/580ee8c8d6d502be.png,0,test
OpenImagesDataset/test/3de6083514fb3c33.png,0,test
OpenImagesDataset/test/df051b0c6ebe3e66.png,0,test
OpenImagesDataset/test/1e136158d2f0aba3.png,0,test
OpenImagesDataset/test/1471d2febe5af12e.png,0,test
OpenImagesDataset/test/bf45e527c939e78f.png,0,test
OpenImagesDataset/test/8530ffec518a6b4e.png,0,test
OpenImagesDataset/test/6d3d4e1419303226.png,0,test
OpenImagesDataset/test/5403becf6bb6ba29.png,0,test
OpenImagesDataset/test/8c73e25998b5d3ee.png,0,test
OpenImagesDataset/test/5701cdf17def4b48.png,0,test
OpenImagesDataset/test/e8fbfd1d2530362d.png,0,test
OpenImagesDataset/test/cd6c8900fd2e9fed.png,0,test
OpenImagesDataset/test/ee72c14a93df1c50.png,0,test
OpenImagesDataset/test/88941d99a41f26d5.png,0,test
OpenImagesDataset/test/ea91893686020163.png,0,test
OpenImagesDataset/test/409673967c35597a.png,0,test
OpenImagesDataset/test/ae6629049526febf.png,0,test
OpenImagesDataset/test/64224a597cc35c01.png,0,test
OpenImagesDataset/test/4b1b2d1a223047ad.png,0,test
OpenImagesDataset/test/8f3a63d5c06af496.png,0,test
OpenImagesDataset/test/2f299e7e995949f3.png,0,test
OpenImagesDataset/test/fde9e0f81a7f2ef4.png,0,test
OpenImagesDataset/test/9edeb776e7498482.png,0,test
OpenImagesDataset/test/b90d52625a313285.png,0,test
OpenImagesDataset/test/3d149698e30cfc3c.png,0,test
OpenImagesDataset/test/5cf17548730afcbd.png,0,test
OpenImagesDataset/test/40522109d3a64858.png,0,test
OpenImagesDataset/test/ee6a28a943545581.png,0,test
OpenImagesDataset/test/ee7773b6789481c7.png,0,test
OpenImagesDataset/test/ca46646068852524.png,0,test
OpenImagesDataset/test/a1f1deb92ce6b248.png,0,test
OpenImagesDataset/test/0b5faf743305c39a.png,0,test
OpenImagesDataset/test/09f1acedd7de21fe.png,0,test
OpenImagesDataset/test/40fb939a34785e12.png,0,test
OpenImagesDataset/test/4dbba809d9f337dc.png,0,test
OpenImagesDataset/test/d965d1cf4630121c.png,0,test
OpenImagesDataset/test/ee12c3613686c4da.png,0,test
OpenImagesDataset/test/7eeb98647c8628a9.png,0,test
OpenImagesDataset/test/79e060cdc214225a.png,0,test
OpenImagesDataset/test/68a32d28ef629d9c.png,0,test
OpenImagesDataset/test/fac301763cc1787d.png,0,test
OpenImagesDataset/test/40fb660648d8cb5a.png,0,test
OpenImagesDataset/test/ab472474fdf248f4.png,0,test
OpenImagesDataset/test/e6b165ff2a7c1c2f.png,0,test
OpenImagesDataset/test/14f99fff2f7833da.png,0,test
OpenImagesDataset/test/303b2fb21e4847d3.png,0,test
OpenImagesDataset/test/19bcee3dde24f11d.png,0,test
OpenImagesDataset/test/1cedea3cdd6cee21.png,0,test
OpenImagesDataset/test/931da9be533a403d.png,0,test
OpenImagesDataset/test/70566da620c041b8.png,0,test
OpenImagesDataset/test/8f259a49ffe995de.png,0,test
OpenImagesDataset/test/ef87d11dcda15550.png,0,test
OpenImagesDataset/test/eb2dc12889f95fac.png,0,test
OpenImagesDataset/test/1d0918ae86fcfb8f.png,0,test
OpenImagesDataset/test/3758ace9a3250b46.png,0,test
OpenImagesDataset/test/edf86228afadf4d1.png,0,test
OpenImagesDataset/test/7f34267f10f04b4b.png,0,test
OpenImagesDataset/test/8ce0f83afd771bc3.png,0,test
OpenImagesDataset/test/be05bef517f64a68.png,0,test
OpenImagesDataset/test/bf1f9be6eeebb068.png,0,test
OpenImagesDataset/test/2b66f3c7fee39ef2.png,0,test
OpenImagesDataset/test/56e5fac70f85bbba.png,0,test
OpenImagesDataset/test/eaa109b91f943cb3.png,0,test
OpenImagesDataset/test/096530f58232b7fe.png,0,test
OpenImagesDataset/test/67eb56118d46cc60.png,0,test
OpenImagesDataset/test/9ea2756b355abee5.png,0,test
OpenImagesDataset/test/cbb098eac7212c56.png,0,test
OpenImagesDataset/test/9c9d02fb4d42adeb.png,0,test
OpenImagesDataset/test/c9824c6f77c4877a.png,0,test
OpenImagesDataset/test/49b19721abeccc5e.png,0,test
OpenImagesDataset/test/3a07b01bc9f7c168.png,0,test
OpenImagesDataset/test/80c30a7079601180.png,0,test
OpenImagesDataset/test/62501dff9b6b0a2b.png,0,test
OpenImagesDataset/test/903842563d036aaa.png,0,test
OpenImagesDataset/test/6ef4282b6221795e.png,0,test
OpenImagesDataset/test/94b560a540fe777a.png,0,test
OpenImagesDataset/test/4c1c49068989bf9e.png,0,test
OpenImagesDataset/test/1bf9895846159376.png,0,test
OpenImagesDataset/test/680450fa362b75d9.png,0,test
OpenImagesDataset/test/e442b41a459d6695.png,0,test
OpenImagesDataset/test/9e782f5e008d75ec.png,0,test
OpenImagesDataset/test/8419a5a74d88cf1e.png,0,test
OpenImagesDataset/test/82d5b8f43604bdc3.png,0,test
OpenImagesDataset/test/0962b832b3090472.png,0,test
OpenImagesDataset/test/75d56f655f75da2e.png,0,test
OpenImagesDataset/test/52904ed66f61ff12.png,0,test
OpenImagesDataset/test/acbc353906e58c7e.png,0,test
OpenImagesDataset/test/92de7044b30f8bec.png,0,test
OpenImagesDataset/test/ef851c68e1a3b73e.png,0,test
OpenImagesDataset/test/bd9bc51df7ea1564.png,0,test
OpenImagesDataset/test/0af888298b06c828.png,0,test
OpenImagesDataset/test/858253d408bf539a.png,0,test
OpenImagesDataset/test/d41026c84a57f7c6.png,0,test
OpenImagesDataset/test/91cc2d589abcd470.png,0,test
OpenImagesDataset/test/5fef1f3c2061544f.png,0,test
OpenImagesDataset/test/1a741ef128a60b47.png,0,test
OpenImagesDataset/test/06997570df7061e6.png,0,test
OpenImagesDataset/test/fbdc26ba10c91e33.png,0,test
OpenImagesDataset/test/58c2b90dfae05952.png,0,test
OpenImagesDataset/test/5dbbe5a305d7dc8f.png,0,test
OpenImagesDataset/test/81cf229949b4b98a.png,0,test
OpenImagesDataset/test/f478c9015ad7cef3.png,0,test
OpenImagesDataset/test/617788ce9e9afb6e.png,0,test
OpenImagesDataset/test/d42b5fe6c6103019.png,0,test
OpenImagesDataset/test/ee6f70ef3de63e6d.png,0,test
OpenImagesDataset/test/751ad7417acc7152.png,0,test
OpenImagesDataset/test/29ef993b4b6b33d0.png,0,test
OpenImagesDataset/test/8d50cbe8637b8286.png,0,test
OpenImagesDataset/test/d5ab25fbb199fb63.png,0,test
OpenImagesDataset/test/ff0a09b9702a0a21.png,0,test
OpenImagesDataset/test/2cec45ce984443b2.png,0,test
OpenImagesDataset/test/61b371f5cbcf382f.png,0,test
OpenImagesDataset/test/d1af2562e514b5bd.png,0,test
OpenImagesDataset/test/912734ffa66a6d7f.png,0,test
OpenImagesDataset/test/6748b9f6c0a10c97.png,0,test
OpenImagesDataset/test/a1d32a9b35bf01bb.png,0,test
OpenImagesDataset/test/2ca7fd20c5cc3641.png,0,test
OpenImagesDataset/test/4ed73ce898472fb9.png,0,test
OpenImagesDataset/test/f51fe3931ad12cc7.png,0,test
OpenImagesDataset/test/ba012440d5f49203.png,0,test
OpenImagesDataset/test/d08bbb32144db9dc.png,0,test
OpenImagesDataset/test/e98ee1dbf18f28da.png,0,test
OpenImagesDataset/test/3bde15c8de9b87b9.png,0,test
OpenImagesDataset/test/10ebec1071c3ef8b.png,0,test
OpenImagesDataset/test/b56221ecd14b4c3b.png,0,test
OpenImagesDataset/test/afd4ab0bc31c0373.png,0,test
OpenImagesDataset/test/f630137cb7b206af.png,0,test
OpenImagesDataset/test/0006acf221a3e1d1.png,0,test
OpenImagesDataset/test/c49f5fec34adba23.png,0,test
OpenImagesDataset/test/a242643e78a300d8.png,0,test
OpenImagesDataset/test/7448c261e96505bf.png,0,test
OpenImagesDataset/test/08e355282dec878a.png,0,test
OpenImagesDataset/test/eff43d46b614b501.png,0,test
OpenImagesDataset/test/0505500241c3ed61.png,0,test
OpenImagesDataset/test/85928f99c567638e.png,0,test
OpenImagesDataset/test/5ba91f52c1da789e.png,0,test
OpenImagesDataset/test/b063a4adfcdf0e73.png,0,test
OpenImagesDataset/test/021308dcac42c0ec.png,0,test
OpenImagesDataset/test/07c5811cd079928d.png,0,test
OpenImagesDataset/test/87e640df159e38b2.png,0,test
OpenImagesDataset/test/3ba023c5bb162a28.png,0,test
OpenImagesDataset/test/226670293e9a0ff3.png,0,test
OpenImagesDataset/test/0f306d115a513170.png,0,test
OpenImagesDataset/test/44167b13e878ee25.png,0,test
OpenImagesDataset/test/1ba13c0562599248.png,0,test
OpenImagesDataset/test/f5e27c88869d1569.png,0,test
OpenImagesDataset/test/c712260017419cc2.png,0,test
OpenImagesDataset/test/1006a71ba68038b1.png,0,test
OpenImagesDataset/test/db383a792b24fdb2.png,0,test
OpenImagesDataset/test/cfb8c5b0f0009b8a.png,0,test
OpenImagesDataset/test/673f42f64a7d6397.png,0,test
OpenImagesDataset/test/2da8ed2071ed6587.png,0,test
OpenImagesDataset/test/b755716a403daa73.png,0,test
OpenImagesDataset/test/68ef774daffea4c0.png,0,test
OpenImagesDataset/test/a745bdb37ff35764.png,0,test
OpenImagesDataset/test/9bbfa585994fd5fc.png,0,test
OpenImagesDataset/test/920a5009362e890f.png,0,test
OpenImagesDataset/test/88ea85050a7f7194.png,0,test
OpenImagesDataset/test/f016efca0e2d0659.png,0,test
OpenImagesDataset/test/f82113911ff762bc.png,0,test
OpenImagesDataset/test/e3c0e7a45825d8c2.png,0,test
OpenImagesDataset/test/cb87528ad5629540.png,0,test
OpenImagesDataset/test/28e2725532cff3da.png,0,test
OpenImagesDataset/test/d2975f7c920beb98.png,0,test
OpenImagesDataset/test/1ce724435658dd46.png,0,test
OpenImagesDataset/test/c2ab096a75f900fb.png,0,test
OpenImagesDataset/test/211642da4015aca6.png,0,test
OpenImagesDataset/test/0af6968cbe05ef0e.png,0,test
OpenImagesDataset/test/4bb40baf095ce3fd.png,0,test
OpenImagesDataset/test/02fcd677ba652117.png,0,test
OpenImagesDataset/test/54dcf1670bfc5035.png,0,test
OpenImagesDataset/test/1064b8242aeda1d6.png,0,test
OpenImagesDataset/test/dd25715fa2651270.png,0,test
OpenImagesDataset/test/aa8e4cb6c6cfbdab.png,0,test
OpenImagesDataset/test/22c839f33b29c193.png,0,test
OpenImagesDataset/test/e6b2ccefc46319a4.png,0,test
OpenImagesDataset/test/25ddb5f9fdb42e74.png,0,test
OpenImagesDataset/test/78e45ecdb670c561.png,0,test
OpenImagesDataset/test/a102788fe879b174.png,0,test
OpenImagesDataset/test/59b497d14b20d6f3.png,0,test
OpenImagesDataset/test/81e348fba2720db0.png,0,test
OpenImagesDataset/test/d84959a4463cd32f.png,0,test
OpenImagesDataset/test/d24ff85e60bad09e.png,0,test
OpenImagesDataset/test/d993ef8cf63f0dee.png,0,test
OpenImagesDataset/test/ca21861bdccbb4c4.png,0,test
OpenImagesDataset/test/9f443362fcc0f2ef.png,0,test
OpenImagesDataset/test/ee95aa22f8b3cf9c.png,0,test
OpenImagesDataset/test/e9b4bd4fad373078.png,0,test
OpenImagesDataset/test/8cccc45268bac374.png,0,test
OpenImagesDataset/test/5ff69a89609d349c.png,0,test
OpenImagesDataset/test/5723c6f4c260e3fa.png,0,test
OpenImagesDataset/test/623b6c4fb6fdfdab.png,0,test
OpenImagesDataset/test/6bd0cf298da97816.png,0,test
OpenImagesDataset/test/90191f35a3fc42da.png,0,test
OpenImagesDataset/test/1e9cab304e93bbb4.png,0,test
OpenImagesDataset/test/7ea8336314b310cf.png,0,test
OpenImagesDataset/test/2588e2307aea2c79.png,0,test
OpenImagesDataset/test/8967b7e8ea3f15df.png,0,test
OpenImagesDataset/test/c670fdb6ccc86c31.png,0,test
OpenImagesDataset/test/b61f0d41b933dc4e.png,0,test
OpenImagesDataset/test/e0dc90a20648d735.png,0,test
OpenImagesDataset/test/52ba200dc17e2010.png,0,test
OpenImagesDataset/test/a8d5e45247c0755d.png,0,test
OpenImagesDataset/test/62d703a22d84cdf9.png,0,test
OpenImagesDataset/test/000026e7ee790996.png,0,test
OpenImagesDataset/test/13d84c60d98f42f5.png,0,test
OpenImagesDataset/test/139ab8da90539e02.png,0,test
OpenImagesDataset/test/c685d6a892019c2c.png,0,test
OpenImagesDataset/test/6a9b443f11a07151.png,0,test
OpenImagesDataset/test/d3767fe4736895a7.png,0,test
OpenImagesDataset/test/8a47ce7589f88078.png,0,test
OpenImagesDataset/test/28ebdb960cfc3dbd.png,0,test
OpenImagesDataset/test/74c8dfe88500a821.png,0,test
OpenImagesDataset/test/fdca904b1a485511.png,0,test
OpenImagesDataset/test/ef52e9b908702bd7.png,0,test
OpenImagesDataset/test/1fb36e32029f2171.png,0,test
OpenImagesDataset/test/a716ac8e85a0f88b.png,0,test
OpenImagesDataset/test/2e4a2a8cc3fa980d.png,0,test
OpenImagesDataset/test/65b410839323ec3d.png,0,test
OpenImagesDataset/test/e9cbff84cb16218c.png,0,test
OpenImagesDataset/test/2f170d8b435b0145.png,0,test
OpenImagesDataset/test/7ab750ae9ff4b482.png,0,test
OpenImagesDataset/test/9bb343e9ce97ef56.png,0,test
OpenImagesDataset/test/e43372e9bf13be25.png,0,test
OpenImagesDataset/test/630d2f4754a2460d.png,0,test
OpenImagesDataset/test/6fc430f583cad46e.png,0,test
OpenImagesDataset/test/bb586738404475e9.png,0,test
OpenImagesDataset/test/fa0a82022c76db52.png,0,test
OpenImagesDataset/test/801e10ed905908ee.png,0,test
OpenImagesDataset/test/709a0c12c7e33a2b.png,0,test
OpenImagesDataset/test/3ca5d38f3cf6de3d.png,0,test
OpenImagesDataset/test/a08b9a317992fb47.png,0,test
OpenImagesDataset/test/c45de25cd91134f4.png,0,test
OpenImagesDataset/test/fc8ad05c110f0c88.png,0,test
OpenImagesDataset/test/cf94deedffb58d56.png,0,test
OpenImagesDataset/test/335322ff7cbe8673.png,0,test
OpenImagesDataset/test/1b300e7f36b18bbb.png,0,test
OpenImagesDataset/test/a0356bf575c0744e.png,0,test
OpenImagesDataset/test/d379a55c5fc5ba36.png,0,test
OpenImagesDataset/test/7d9b99288fa972c0.png,0,test
OpenImagesDataset/test/e80140fde875ac3b.png,0,test
OpenImagesDataset/test/a206ae8c67f429ee.png,0,test
OpenImagesDataset/test/a3dc3ff037b4ae02.png,0,test
OpenImagesDataset/test/f30320eed04fdf76.png,0,test
OpenImagesDataset/test/2503dd4e3b5cb96d.png,0,test
OpenImagesDataset/test/d8afd6c2f09851c2.png,0,test
OpenImagesDataset/test/0841fc5ec88d2f23.png,0,test
OpenImagesDataset/test/e30a6663cb973050.png,0,test
OpenImagesDataset/test/1828a3f8c9b5674d.png,0,test
OpenImagesDataset/test/01d1c8c162ae025d.png,0,test
OpenImagesDataset/test/2669c21b9e5bbd0f.png,0,test
OpenImagesDataset/test/b74a7d71f8bdb5e8.png,0,test
OpenImagesDataset/test/964c7ed8d624ca5a.png,0,test
OpenImagesDataset/test/5efd8178715f0d89.png,0,test
OpenImagesDataset/test/5c53b784885dd597.png,0,test
OpenImagesDataset/test/6afd70d6928b0a48.png,0,test
OpenImagesDataset/test/8a6747c812f4ee3e.png,0,test
OpenImagesDataset/test/5d62593018efd095.png,0,test
OpenImagesDataset/test/2be027e35ae95c57.png,0,test
OpenImagesDataset/test/f696baab26cbb667.png,0,test
OpenImagesDataset/test/aea860c21489f3d5.png,0,test
OpenImagesDataset/test/907f05d19c32cbd5.png,0,test
OpenImagesDataset/test/dc6636f3965c59fe.png,0,test
OpenImagesDataset/test/b6518ea7de27db7c.png,0,test
OpenImagesDataset/test/d315d4eb4bdbaa3d.png,0,test
OpenImagesDataset/test/5f59d48550b8f244.png,0,test
OpenImagesDataset/test/1be95b93543c3931.png,0,test
OpenImagesDataset/test/fe245787ad0797a7.png,0,test
OpenImagesDataset/test/d238c00fee7a56d3.png,0,test
OpenImagesDataset/test/ad1a581a0f867d1d.png,0,test
OpenImagesDataset/test/72bb0347ff72564d.png,0,test
OpenImagesDataset/test/b747eeb295825865.png,0,test
OpenImagesDataset/test/ac80a29ee284d58f.png,0,test
OpenImagesDataset/test/28e86b6206e15ad9.png,0,test
OpenImagesDataset/test/ce0d8a2bc8b74591.png,0,test
OpenImagesDataset/test/ed3be7c6a240ff93.png,0,test
OpenImagesDataset/test/87680f2be10f1729.png,0,test
OpenImagesDataset/test/27b760aa7df27df3.png,0,test
OpenImagesDataset/test/d77d8fd569a73db6.png,0,test
OpenImagesDataset/test/a4216731337df7f6.png,0,test
OpenImagesDataset/test/86e37b19736bed91.png,0,test
OpenImagesDataset/test/8d796351efa0cf38.png,0,test
OpenImagesDataset/test/1c1e0356d3e0017d.png,0,test
OpenImagesDataset/test/777be9bdde686431.png,0,test
OpenImagesDataset/test/26d2f130319d4495.png,0,test
OpenImagesDataset/test/0e737bb25f9596c1.png,0,test
OpenImagesDataset/test/5424d2b8c96278cc.png,0,test
OpenImagesDataset/test/00a9ab66f8431dd6.png,0,test
OpenImagesDataset/test/c03ecf0c88b3a0c6.png,0,test
OpenImagesDataset/test/8b9a5e479d18b350.png,0,test
OpenImagesDataset/test/491e4bc9a8444f89.png,0,test
OpenImagesDataset/test/a37695cbf8d4d3ad.png,0,test
OpenImagesDataset/test/bc29d0cb4f8f502c.png,0,test
OpenImagesDataset/test/92c56a07addd32c3.png,0,test
OpenImagesDataset/test/4d262e611d6411b0.png,0,test
OpenImagesDataset/test/1d8f32185903c9cf.png,0,test
OpenImagesDataset/test/dbfd1612917faf4e.png,0,test
OpenImagesDataset/test/cf0959c25eb37bd2.png,0,test
OpenImagesDataset/test/da893653f79ccd3d.png,0,test
OpenImagesDataset/test/68a2ae3e2e7c2f8b.png,0,test
OpenImagesDataset/test/d7d9f699044c36cb.png,0,test
OpenImagesDataset/test/bd78b91d062fbcda.png,0,test
OpenImagesDataset/test/99460a5a11b7ac90.png,0,test
OpenImagesDataset/test/e121ed582e850653.png,0,test
OpenImagesDataset/test/aaf080da78e7c7f2.png,0,test
OpenImagesDataset/test/bda47a29643a65ae.png,0,test
OpenImagesDataset/test/1ab15940e162299c.png,0,test
OpenImagesDataset/test/c90a5a9e5ee886b0.png,0,test
OpenImagesDataset/test/02f02d28c1f32db5.png,0,test
OpenImagesDataset/test/f039ec2ab4b55eab.png,0,test
OpenImagesDataset/test/a66a053c41cb0575.png,0,test
OpenImagesDataset/test/e0ee1aa7605fab48.png,0,test
OpenImagesDataset/test/64882c7e57a4f3c5.png,0,test
OpenImagesDataset/test/34dfe050579a5d67.png,0,test
OpenImagesDataset/test/6ad52b616b12c170.png,0,test
OpenImagesDataset/test/649bbe70c32528d9.png,0,test
OpenImagesDataset/test/781d2c76422dde33.png,0,test
OpenImagesDataset/test/c6d8e3b00a20594d.png,0,test
OpenImagesDataset/test/d171c3d308914904.png,0,test
OpenImagesDataset/test/948e9cf73ad6f81a.png,0,test
OpenImagesDataset/test/b4d1f6dc55c5a11f.png,0,test
OpenImagesDataset/test/6829dc9267e75470.png,0,test
OpenImagesDataset/test/2de975f16a1f1e12.png,0,test
OpenImagesDataset/test/8f64b49cf64fd673.png,0,test
OpenImagesDataset/test/78549b6c8a8e8352.png,0,test
OpenImagesDataset/test/5ce5c461512aab70.png,0,test
OpenImagesDataset/test/692feb81503c4204.png,0,test
OpenImagesDataset/test/a40067fe177cbb26.png,0,test
OpenImagesDataset/test/a6a540f1fcd6d8e6.png,0,test
OpenImagesDataset/test/e40cc248e60b7542.png,0,test
OpenImagesDataset/test/70498bd2864c0fe3.png,0,test
OpenImagesDataset/test/675157e0f5b65637.png,0,test
OpenImagesDataset/test/96dfd777bc487a11.png,0,test
OpenImagesDataset/test/d9283ffe511f17f9.png,0,test
OpenImagesDataset/test/77d15abb9616532b.png,0,test
OpenImagesDataset/test/69bc2491c6ddee59.png,0,test
OpenImagesDataset/test/fabcb4e4e1bb824b.png,0,test
OpenImagesDataset/test/339eba02c239ffcc.png,0,test
OpenImagesDataset/test/e8854814ca821f95.png,0,test
OpenImagesDataset/test/73c249b5c375a2ac.png,0,test
OpenImagesDataset/test/42cb713ce7e8255f.png,0,test
OpenImagesDataset/test/8cb2ca3ede4725e4.png,0,test
OpenImagesDataset/test/4daaa77c94481ef6.png,0,test
OpenImagesDataset/test/03b7f8a5241a1ad8.png,0,test
OpenImagesDataset/test/02cf1827cb907da3.png,0,test
OpenImagesDataset/test/fae20782ed9b6c0b.png,0,test
OpenImagesDataset/test/c2a6fd3d24614907.png,0,test
OpenImagesDataset/test/23792738738cad29.png,0,test
OpenImagesDataset/test/224a8c9943bd607f.png,0,test
OpenImagesDataset/test/ae666dbde4d986ca.png,0,test
OpenImagesDataset/test/7c9a87c61e00f225.png,0,test
OpenImagesDataset/test/1e3f1d54d0667c6a.png,0,test
OpenImagesDataset/test/508a8c99dbc63c40.png,0,test
OpenImagesDataset/test/09126fdfbc0a58fd.png,0,test
OpenImagesDataset/test/1d442aec003d0919.png,0,test
OpenImagesDataset/test/0e41ef10ad09c6a9.png,0,test
OpenImagesDataset/test/66941b7019902793.png,0,test
OpenImagesDataset/test/89bcf248b2e5a627.png,0,test
OpenImagesDataset/test/51da324d82b23f4a.png,0,test
OpenImagesDataset/test/014ee44f9f160728.png,0,test
OpenImagesDataset/test/f8883e36ec83d8d4.png,0,test
OpenImagesDataset/test/6abab3652a372305.png,0,test
OpenImagesDataset/test/536b958667145d36.png,0,test
OpenImagesDataset/test/a54f93c489fad430.png,0,test
OpenImagesDataset/test/d71551db288d9a02.png,0,test
OpenImagesDataset/test/cbf6afe198f8579a.png,0,test
OpenImagesDataset/test/abf56b3a124cee8a.png,0,test
OpenImagesDataset/test/69fafbd6f209e52f.png,0,test
OpenImagesDataset/test/e72d923f2721a29f.png,0,test
OpenImagesDataset/test/d2c0b07769ed2cd6.png,0,test
OpenImagesDataset/test/ee47ee12989248d1.png,0,test
OpenImagesDataset/test/ee1dde013f1d80fe.png,0,test
OpenImagesDataset/test/dcc8edbcd99a9544.png,0,test
OpenImagesDataset/test/bc507e85c4a42bf6.png,0,test
OpenImagesDataset/test/1831b1f8dd54b3b6.png,0,test
OpenImagesDataset/test/233767c7fe30d359.png,0,test
OpenImagesDataset/test/f3d3eefd69bc9703.png,0,test
OpenImagesDataset/test/89b39f27c2f32a35.png,0,test
OpenImagesDataset/test/592d3557d2efcad4.png,0,test
OpenImagesDataset/test/f419c1ceca3b079a.png,0,test
OpenImagesDataset/test/04b34b4e51724802.png,0,test
OpenImagesDataset/test/c663eafe204f7972.png,0,test
OpenImagesDataset/test/fc6e65bcb8e6a9a1.png,0,test
OpenImagesDataset/test/f5da11e92cadd016.png,0,test
OpenImagesDataset/test/72a62f0ebcadb6f9.png,0,test
OpenImagesDataset/test/ada35817f8ab7d5e.png,0,test
OpenImagesDataset/test/022c71451277faa4.png,0,test
OpenImagesDataset/test/6a6845c60819e24b.png,0,test
OpenImagesDataset/test/0876506af8192522.png,0,test
OpenImagesDataset/test/58b838470002c491.png,0,test
OpenImagesDataset/test/cc56629c79821a2e.png,0,test
OpenImagesDataset/test/7922f4496c526daf.png,0,test
OpenImagesDataset/test/19c7ad9d0669012e.png,0,test
OpenImagesDataset/test/313de6b0553ae1a7.png,0,test
OpenImagesDataset/test/107907a43d7e76a6.png,0,test
OpenImagesDataset/test/f67db9b50c93b197.png,0,test
OpenImagesDataset/test/c4b0de1048bfa164.png,0,test
OpenImagesDataset/test/5612bbded0995f28.png,0,test
OpenImagesDataset/test/724ddaf8ca1448c3.png,0,test
OpenImagesDataset/test/f5fedc20e9338706.png,0,test
OpenImagesDataset/test/ca100fdb289b88fe.png,0,test
OpenImagesDataset/test/2ede3d43e9a4c9e5.png,0,test
OpenImagesDataset/test/ccd8b48622ca52c8.png,0,test
OpenImagesDataset/test/a2810ffb854b74dd.png,0,test
OpenImagesDataset/test/2af69f32e47c3da5.png,0,test
OpenImagesDataset/test/7a89223842410530.png,0,test
OpenImagesDataset/test/cd47092b8a5f2035.png,0,test
OpenImagesDataset/test/5f33c8ea2046d59a.png,0,test
OpenImagesDataset/test/e004a7445950dc30.png,0,test
OpenImagesDataset/test/87f2e68ae111bc91.png,0,test
OpenImagesDataset/test/76ccafb831ddb1df.png,0,test
OpenImagesDataset/test/41a2dcc66f8c1616.png,0,test
OpenImagesDataset/test/354ba3d19ec459a6.png,0,test
OpenImagesDataset/test/e45b3905369ce768.png,0,test
OpenImagesDataset/test/ecfd38496bcecf1f.png,0,test
OpenImagesDataset/test/7043e5afc4a6f037.png,0,test
OpenImagesDataset/test/e9fc3e21fdcd8845.png,0,test
OpenImagesDataset/test/9b05e8f8d4be3993.png,0,test
OpenImagesDataset/test/35eb781d44d8d048.png,0,test
OpenImagesDataset/test/41ccb8593dc0eba5.png,0,test
OpenImagesDataset/test/41e8abd06345a0c2.png,0,test
OpenImagesDataset/test/a15c481d600dc2df.png,0,test
OpenImagesDataset/test/7eead39eaeb8dc55.png,0,test
OpenImagesDataset/test/5fa662701a2abe2c.png,0,test
OpenImagesDataset/test/3b358b6652e14e36.png,0,test
OpenImagesDataset/test/351aef6950d8a8b4.png,0,test
OpenImagesDataset/test/b4689eb292f360ff.png,0,test
OpenImagesDataset/test/289378a53cb9f598.png,0,test
OpenImagesDataset/test/113e1fd231ba3006.png,0,test
OpenImagesDataset/test/50acf27a96006290.png,0,test
OpenImagesDataset/test/9bf0ad5f0e761b42.png,0,test
OpenImagesDataset/test/a4bdd9420a7c7b23.png,0,test
OpenImagesDataset/test/0b0be049bb72b223.png,0,test
OpenImagesDataset/test/bdd6fd042dec9f9f.png,0,test
OpenImagesDataset/test/0956f4f42e2ea987.png,0,test
OpenImagesDataset/test/80ca56c3429dbb60.png,0,test
OpenImagesDataset/test/e21968abae328414.png,0,test
OpenImagesDataset/test/60399f6ed68dc6c0.png,0,test
OpenImagesDataset/test/72513ac4beeedee5.png,0,test
OpenImagesDataset/test/8a8cf53cebba5894.png,0,test
OpenImagesDataset/test/121ed3a460aca09b.png,0,test
OpenImagesDataset/test/940a5eee90f2573f.png,0,test
OpenImagesDataset/test/3d7a305019504c59.png,0,test
OpenImagesDataset/test/87ff92d5379bd03d.png,0,test
OpenImagesDataset/test/9a93df944f7a9a49.png,0,test
OpenImagesDataset/test/7e03c4ec8575210e.png,0,test
OpenImagesDataset/test/1b642ac517ab10b5.png,0,test
OpenImagesDataset/test/d9cfd655e6eb3c10.png,0,test
OpenImagesDataset/test/e027a445124f4a9e.png,0,test
OpenImagesDataset/test/7fc52914bef6fe5a.png,0,test
OpenImagesDataset/test/322a07f19ba131e6.png,0,test
OpenImagesDataset/test/97dffeb91eae4d53.png,0,test
OpenImagesDataset/test/620a6f268e368d7e.png,0,test
OpenImagesDataset/test/13a4f24dddd569e9.png,0,test
OpenImagesDataset/test/749877275b18b852.png,0,test
OpenImagesDataset/test/816a226fc911d86d.png,0,test
OpenImagesDataset/test/18ee16489a5b3de0.png,0,test
OpenImagesDataset/test/e47e3d7985be5e3f.png,0,test
OpenImagesDataset/test/fcbd2b2fe6fce685.png,0,test
OpenImagesDataset/test/0a27dcf6a7827280.png,0,test
OpenImagesDataset/test/53d6c8da460a8411.png,0,test
OpenImagesDataset/test/bef9d921ba86afae.png,0,test
OpenImagesDataset/test/ccf0ea05500251cc.png,0,test
OpenImagesDataset/test/0fdc84573f6330ea.png,0,test
OpenImagesDataset/test/5d1876b8a8a5b422.png,0,test
OpenImagesDataset/test/1ad03c0542449be2.png,0,test
OpenImagesDataset/test/8d29ecdb27c8ca9a.png,0,test
OpenImagesDataset/test/0f22f3af31263255.png,0,test
OpenImagesDataset/test/58b084887fae33fb.png,0,test
OpenImagesDataset/test/be589348086b20d4.png,0,test
OpenImagesDataset/test/57b088eb7c61338a.png,0,test
OpenImagesDataset/test/e7778dcafa1b8a4c.png,0,test
OpenImagesDataset/test/8b33ae03d73008f7.png,0,test
OpenImagesDataset/test/8ddbaf5bffc1f8ab.png,0,test
OpenImagesDataset/test/de6dc1d9bf4acd42.png,0,test
OpenImagesDataset/test/f5df70d04090c7a6.png,0,test
OpenImagesDataset/test/1ea6cea4ea492d07.png,0,test
OpenImagesDataset/test/28ad3dd2696d2d7f.png,0,test
OpenImagesDataset/test/398244a4f56198e0.png,0,test
OpenImagesDataset/test/103237e28e17f06b.png,0,test
OpenImagesDataset/test/b6932ce89ec54b22.png,0,test
OpenImagesDataset/test/d2ac1cf08ae9ca1a.png,0,test
OpenImagesDataset/test/f757cd9a7c8782c3.png,0,test
OpenImagesDataset/test/16ca4d097400a5ef.png,0,test
OpenImagesDataset/test/8e518cfceed39397.png,0,test
