image,class,split,spai
OpenImagesDataset/test/1815ef2670315eb0.jpg,1,test,0.9071711301803589
OpenImagesDataset/test/4612a6241a2be055.jpg,1,test,0.9995929598808289
OpenImagesDataset/test/f165a323fe25b785.jpg,1,test,0.9994300007820129
OpenImagesDataset/test/e0ab5ce26eb55a47.jpg,1,test,0.9319518804550171
OpenImagesDataset/test/40851ad56d39de8e.jpg,1,test,0.9999866485595703
OpenImagesDataset/test/208ecbee03fbe852.jpg,1,test,0.9999997615814209
OpenImagesDataset/test/655024d9cc2e095a.jpg,1,test,0.9956492781639099
OpenImagesDataset/test/f8d40d17ced6cd2b.jpg,1,test,0.16053959727287292
OpenImagesDataset/test/2d0b2e9fe39a9f06.jpg,1,test,0.9984670281410217
OpenImagesDataset/test/1ff39c91ee8ca81f.jpg,1,test,0.6455502510070801
OpenImagesDataset/test/cb2fa60b50a5a531.jpg,1,test,0.8275114893913269
OpenImagesDataset/test/b185e5f86d647f08.jpg,1,test,0.6554000377655029
OpenImagesDataset/test/3ab70931985f806a.jpg,1,test,0.9886444807052612
OpenImagesDataset/test/9fe005624077ebdf.jpg,1,test,0.9999998807907104
OpenImagesDataset/test/e341e8b2e7208dde.jpg,1,test,0.9999997615814209
OpenImagesDataset/test/5ad4a95fc72c63d0.jpg,1,test,0.012124212458729744
OpenImagesDataset/test/4fab35e445ca85a2.jpg,1,test,0.999966025352478
OpenImagesDataset/test/40c73b1bdcf351ed.jpg,1,test,0.11582688987255096
OpenImagesDataset/test/18e223eb7dd9b6c3.jpg,1,test,8.122082363115624e-06
OpenImagesDataset/test/a2408dc64982a2bd.jpg,1,test,0.9999926090240479
OpenImagesDataset/test/32126bec70755839.jpg,1,test,0.0019393794937059283
OpenImagesDataset/test/56fcc1e88f8a507a.jpg,1,test,0.9925054907798767
OpenImagesDataset/test/8641019369e711bf.jpg,1,test,0.9867610931396484
OpenImagesDataset/test/ac7bbb806662f5be.jpg,1,test,0.0028292560018599033
OpenImagesDataset/test/69cfab94ec4a9923.jpg,1,test,0.9997010827064514
OpenImagesDataset/test/27e999c3af193d36.jpg,1,test,0.9951668977737427
OpenImagesDataset/test/2351e8ef7d60e0a3.jpg,1,test,0.9375994801521301
OpenImagesDataset/test/573cd2480457e201.jpg,1,test,2.7459515550276592e-08
OpenImagesDataset/test/0f6deca6dd38d0e3.jpg,1,test,0.97642582654953
OpenImagesDataset/test/2a3185f8c8126eb2.jpg,1,test,2.8787191695300862e-05
OpenImagesDataset/test/f444abe64f76c323.jpg,1,test,1.801515914223728e-08
OpenImagesDataset/test/a4e479f552b400ae.jpg,1,test,2.4177509095899124e-18
OpenImagesDataset/test/41a914d4f94579ae.jpg,1,test,0.14865311980247498
OpenImagesDataset/test/3176e7cb69461bfd.jpg,1,test,0.9997476935386658
OpenImagesDataset/test/3c3a5a39c2ab12ec.jpg,1,test,0.9976909160614014
OpenImagesDataset/test/20ca5cec6b4e013c.jpg,1,test,0.8193126320838928
OpenImagesDataset/test/32cf96751bc7ab03.jpg,1,test,0.9495444297790527
OpenImagesDataset/test/2871e243fc527d3a.jpg,1,test,0.9955940842628479
OpenImagesDataset/test/fa1438b975af02f2.jpg,1,test,0.9993011951446533
OpenImagesDataset/test/234f0d363cb11084.jpg,1,test,0.9853492379188538
OpenImagesDataset/test/6a7217931094fe54.jpg,1,test,0.00019979463831987232
OpenImagesDataset/test/bd5fac6f4fe55e04.jpg,1,test,0.947878360748291
OpenImagesDataset/test/d472f8dd712a72ac.jpg,1,test,0.6776267290115356
OpenImagesDataset/test/3420ae25e8521720.jpg,1,test,0.9993841648101807
OpenImagesDataset/test/033a2d3f9eac6188.jpg,1,test,0.6542275547981262
OpenImagesDataset/test/e00e719102d9fb61.jpg,1,test,0.996528685092926
OpenImagesDataset/test/abcca2f63256a430.jpg,1,test,0.045057039707899094
OpenImagesDataset/test/f53b0c278026feab.jpg,1,test,0.8043301105499268
OpenImagesDataset/test/99a38b934efdd521.jpg,1,test,0.982273519039154
OpenImagesDataset/test/22b039649111ffb6.jpg,1,test,0.9999991655349731
OpenImagesDataset/test/d84fe45c283e292d.jpg,1,test,3.055891800853134e-18
OpenImagesDataset/test/37901124c0527d2a.jpg,1,test,0.032556790858507156
OpenImagesDataset/test/d8f865f115145553.jpg,1,test,0.55582195520401
OpenImagesDataset/test/d4562c749529c99b.jpg,1,test,1.0
OpenImagesDataset/test/cf792d90f4eed3d7.jpg,1,test,0.9997616410255432
OpenImagesDataset/test/c940807fb360334f.jpg,1,test,0.7731615304946899
OpenImagesDataset/test/ccf1711b302d86d7.jpg,1,test,1.666058892624278e-06
OpenImagesDataset/test/bcda4a6cef225575.jpg,1,test,0.9946427345275879
OpenImagesDataset/test/cc49e954ef6edccc.jpg,1,test,0.017886284738779068
OpenImagesDataset/test/54afc762f0f19a06.jpg,1,test,0.1887061595916748
OpenImagesDataset/test/0f97088f6695f3b6.jpg,1,test,0.00045398130896501243
OpenImagesDataset/test/895dbfa06f80d04b.jpg,1,test,0.9732769727706909
OpenImagesDataset/test/bc1cab21b79505a6.jpg,1,test,0.7305341362953186
OpenImagesDataset/test/15fd7f97c12b32be.jpg,1,test,0.9773392081260681
OpenImagesDataset/test/dd6451640ba55619.jpg,1,test,0.9667460322380066
OpenImagesDataset/test/47eea1cf189bc961.jpg,1,test,0.999788224697113
OpenImagesDataset/test/ecbf0928a3d6aff0.jpg,1,test,1.0604355935028842e-11
OpenImagesDataset/test/ae8f8a7358d0e64c.jpg,1,test,0.43138062953948975
OpenImagesDataset/test/ee01c4c052a86aa0.jpg,1,test,0.9993351101875305
OpenImagesDataset/test/24fdd026fabc5ac5.jpg,1,test,0.9601766467094421
OpenImagesDataset/test/416ddc6595e1a9c8.jpg,1,test,0.9828344583511353
OpenImagesDataset/test/4f9b845a11ba49a4.jpg,1,test,0.3866048753261566
OpenImagesDataset/test/0dc9c6b1a0d95c70.jpg,1,test,0.9526526927947998
OpenImagesDataset/test/0977359a93902547.jpg,1,test,0.9971087574958801
OpenImagesDataset/test/bc84a4ac07f68e86.jpg,1,test,0.01667219214141369
OpenImagesDataset/test/67a7f29f159b2211.jpg,1,test,0.6137636303901672
OpenImagesDataset/test/8101f22ba6a4fb25.jpg,1,test,0.9795447587966919
OpenImagesDataset/test/f0bd5e553feabe15.jpg,1,test,0.08029317855834961
OpenImagesDataset/test/5fab97f9d2bbdc58.jpg,1,test,0.9552567601203918
OpenImagesDataset/test/a96aea8b66ad08d5.jpg,1,test,0.7034661173820496
OpenImagesDataset/test/01905f180fe41311.jpg,1,test,0.9855914115905762
OpenImagesDataset/test/af0bee4a3c2c43ec.jpg,1,test,0.9999500513076782
OpenImagesDataset/test/541b67f99829a063.jpg,1,test,0.9786433577537537
OpenImagesDataset/test/625039581f4e8e13.jpg,1,test,0.7558354735374451
OpenImagesDataset/test/83a0ba2786d01a90.jpg,1,test,0.001655695610679686
OpenImagesDataset/test/1d33f79971824c1c.jpg,1,test,0.9994333386421204
OpenImagesDataset/test/4c78cd030d7f408a.jpg,1,test,1.0
OpenImagesDataset/test/70ebf79467939e66.jpg,1,test,0.9997345805168152
OpenImagesDataset/test/faaee8d12d2ed496.jpg,1,test,0.005002619232982397
OpenImagesDataset/test/4a1826d951d10685.jpg,1,test,0.9956641793251038
OpenImagesDataset/test/32fc8ec0746a0b51.jpg,1,test,0.9999995231628418
OpenImagesDataset/test/e222df89a3e294fd.jpg,1,test,0.9935311675071716
OpenImagesDataset/test/6708478ef5ceed42.jpg,1,test,1.0
OpenImagesDataset/test/ba042fd30b3f8d6b.jpg,1,test,0.6042506098747253
OpenImagesDataset/test/f7045c060e039445.jpg,1,test,0.4029262959957123
OpenImagesDataset/test/d69e9423ee405875.jpg,1,test,1.0
OpenImagesDataset/test/d3a3acf6f4914cbc.jpg,1,test,0.4663144052028656
OpenImagesDataset/test/253ec416050934d0.jpg,1,test,0.9998998641967773
OpenImagesDataset/test/1066b9677f35b75a.jpg,1,test,0.5533676743507385
OpenImagesDataset/test/6136fc5afc98e205.jpg,1,test,0.9396889805793762
OpenImagesDataset/test/273581cbca4d3374.jpg,1,test,0.9983469247817993
OpenImagesDataset/test/d3b638e61f43751c.jpg,1,test,0.5153656005859375
OpenImagesDataset/test/6e70dbf1fafc26af.jpg,1,test,0.6006349325180054
OpenImagesDataset/test/93a9d4990e82ddd3.jpg,1,test,0.9943493008613586
OpenImagesDataset/test/d7186053c7bc9327.jpg,1,test,1.0
OpenImagesDataset/test/d9c35e6478e850a2.jpg,1,test,2.318718811790757e-15
OpenImagesDataset/test/b4426ef957c1a6f8.jpg,1,test,0.6840262413024902
OpenImagesDataset/test/609b5420a3248c60.jpg,1,test,0.9999277591705322
OpenImagesDataset/test/b33ce3e8cee7237f.jpg,1,test,0.6373819708824158
OpenImagesDataset/test/108aa5598de4fa0b.jpg,1,test,0.6862426996231079
OpenImagesDataset/test/68cde3bb8816c22a.jpg,1,test,0.9286450743675232
OpenImagesDataset/test/ef0ed47b702fbc67.jpg,1,test,0.9999229907989502
OpenImagesDataset/test/6ba678ab3eded6ec.jpg,1,test,4.846867227570328e-07
OpenImagesDataset/test/cf571d79ae4f5ee2.jpg,1,test,0.8308687806129456
OpenImagesDataset/test/71c3a2ecf0e43107.jpg,1,test,0.9891736507415771
OpenImagesDataset/test/8443aa193b64d379.jpg,1,test,0.2055567055940628
OpenImagesDataset/test/cc4fe6a216643149.jpg,1,test,0.9998401403427124
OpenImagesDataset/test/44cdcd08d0b57d37.jpg,1,test,1.0
OpenImagesDataset/test/56e81f69938dae25.jpg,1,test,0.0040663606487214565
OpenImagesDataset/test/25ee3d8a856edd3c.jpg,1,test,0.9466275572776794
OpenImagesDataset/test/a29fec842035cf80.jpg,1,test,0.00026775887818075716
OpenImagesDataset/test/21908c18b3abf09f.jpg,1,test,1.977158659016709e-09
OpenImagesDataset/test/af0df1c318e75cfd.jpg,1,test,0.9999957084655762
OpenImagesDataset/test/8d9924f5db950acf.jpg,1,test,0.32042059302330017
OpenImagesDataset/test/07298569627bddc3.jpg,1,test,0.7956737279891968
OpenImagesDataset/test/72af9692ccd75044.jpg,1,test,0.14216940104961395
OpenImagesDataset/test/5fb14675a56c0134.jpg,1,test,0.9704338908195496
OpenImagesDataset/test/3c4887add4bff7f2.jpg,1,test,0.0004499941715039313
OpenImagesDataset/test/50ecdb55ae284196.jpg,1,test,1.0
OpenImagesDataset/test/eb86c9f40a2c140e.jpg,1,test,0.7567181587219238
OpenImagesDataset/test/ca2bb693b8e10be7.jpg,1,test,0.9999631643295288
OpenImagesDataset/test/9541dd605d61cb4c.jpg,1,test,0.38557544350624084
OpenImagesDataset/test/594a548065fc579d.jpg,1,test,3.8967554183422237e-10
OpenImagesDataset/test/d30586722960bd7b.jpg,1,test,0.00011779332271544263
OpenImagesDataset/test/61ccc92aaf64f8f5.jpg,1,test,0.1159333884716034
OpenImagesDataset/test/cde719fc56bc212e.jpg,1,test,0.008272787556052208
OpenImagesDataset/test/c87e54bfeae26632.jpg,1,test,0.5947349667549133
OpenImagesDataset/test/6cd6e11a21d43c51.jpg,1,test,1.0
OpenImagesDataset/test/156ae68de2371695.jpg,1,test,0.9916046857833862
OpenImagesDataset/test/e3aa58d137acaa7e.jpg,1,test,9.161647540167905e-06
OpenImagesDataset/test/07fc32c879cddc31.jpg,1,test,0.6553183197975159
OpenImagesDataset/test/4fdf46d8a78a5316.jpg,1,test,0.626192033290863
OpenImagesDataset/test/4b3e37898c3f626a.jpg,1,test,0.999126136302948
OpenImagesDataset/test/a1bd032c6d33e2da.jpg,1,test,0.6320843696594238
OpenImagesDataset/test/6836f1f20151e525.jpg,1,test,0.9924295544624329
OpenImagesDataset/test/9037f891bd4ccab6.jpg,1,test,0.039050839841365814
OpenImagesDataset/test/a926ee2797c91536.jpg,1,test,0.9999889135360718
OpenImagesDataset/test/5201c8c7e98d4645.jpg,1,test,0.8158780336380005
OpenImagesDataset/test/0c15cedc8716a24b.jpg,1,test,3.464225087346229e-11
OpenImagesDataset/test/fe017ce89da677a2.jpg,1,test,1.0
OpenImagesDataset/test/6bca728bdcc81273.jpg,1,test,0.8811401724815369
OpenImagesDataset/test/8339209beacb42f2.jpg,1,test,0.9999744892120361
OpenImagesDataset/test/eb6a929172af5a8e.jpg,1,test,0.999924898147583
OpenImagesDataset/test/294c66a73e54c130.jpg,1,test,6.592618433387543e-07
OpenImagesDataset/test/5180258e32706983.jpg,1,test,0.0724070817232132
OpenImagesDataset/test/006960490a7373bc.jpg,1,test,1.0
OpenImagesDataset/test/da62608204cdba2a.jpg,1,test,0.9996463060379028
OpenImagesDataset/test/0df0023c31dce0df.jpg,1,test,9.100597253564047e-07
OpenImagesDataset/test/0b69a552a94a2ead.jpg,1,test,0.9998156428337097
OpenImagesDataset/test/17c2eb54cb88fd91.jpg,1,test,0.9999953508377075
OpenImagesDataset/test/33fa11775acd6a4c.jpg,1,test,3.5188113447065643e-34
OpenImagesDataset/test/470570dec9733c42.jpg,1,test,0.587202250957489
OpenImagesDataset/test/d22475c99e9bb9b2.jpg,1,test,0.40536266565322876
OpenImagesDataset/test/7b50abf2fae49fb0.jpg,1,test,0.2529253363609314
OpenImagesDataset/test/d1c7bd7a88f1f4c5.jpg,1,test,0.02861153706908226
OpenImagesDataset/test/fc3009fac083be8d.jpg,1,test,0.9989815354347229
OpenImagesDataset/test/6bed385616414925.jpg,1,test,0.9941196441650391
OpenImagesDataset/test/90332f3df3ca622c.jpg,1,test,0.9908547401428223
OpenImagesDataset/test/c6e638767a8a195a.jpg,1,test,0.9135446548461914
OpenImagesDataset/test/0d2eeaccda7e4c1b.jpg,1,test,0.7653422355651855
OpenImagesDataset/test/90faecd3c98d9f48.jpg,1,test,0.9982050657272339
OpenImagesDataset/test/ebf44bd1da6416de.jpg,1,test,0.999620795249939
OpenImagesDataset/test/413da9e4e5e2daf1.jpg,1,test,0.9967339038848877
OpenImagesDataset/test/2efdb55f2cf4e4f1.jpg,1,test,1.150786147263716e-06
OpenImagesDataset/test/233758fd604e3722.jpg,1,test,1.925382520084895e-07
OpenImagesDataset/test/3399988665f866a2.jpg,1,test,0.8253868818283081
OpenImagesDataset/test/627854c7701a2863.jpg,1,test,0.9999293088912964
OpenImagesDataset/test/f622fd5ee331370a.jpg,1,test,9.646976832300425e-05
OpenImagesDataset/test/92fb457f79fd1a79.jpg,1,test,0.28562426567077637
OpenImagesDataset/test/08466d6f545a38c5.jpg,1,test,0.9995775818824768
OpenImagesDataset/test/05e3226855dfe11c.jpg,1,test,0.9999980926513672
OpenImagesDataset/test/8d939c04a02f89cc.jpg,1,test,0.9958754181861877
OpenImagesDataset/test/4908c03eabfb5a87.jpg,1,test,0.2811509072780609
OpenImagesDataset/test/21e0d7aadc50f911.jpg,1,test,0.6237974762916565
OpenImagesDataset/test/2c070502162695ca.jpg,1,test,0.7695254683494568
OpenImagesDataset/test/8fe99797cb8d30aa.jpg,1,test,1.1062243174819741e-06
OpenImagesDataset/test/07d4bdcea907ab25.jpg,1,test,0.9919984936714172
OpenImagesDataset/test/bb6ff19fb7f03f6d.jpg,1,test,0.9999936819076538
OpenImagesDataset/test/2b4a6088b668b677.jpg,1,test,0.9999721050262451
OpenImagesDataset/test/50feadad626fcb35.jpg,1,test,0.0004293942474760115
OpenImagesDataset/test/b43a26a84ef8916c.jpg,1,test,0.2895258367061615
OpenImagesDataset/test/b56f23e6803f4abb.jpg,1,test,0.02089005708694458
OpenImagesDataset/test/e378899bcebee969.jpg,1,test,0.44568097591400146
OpenImagesDataset/test/af3fee4fc4620ed6.jpg,1,test,0.6221321225166321
OpenImagesDataset/test/cbaf8b4bc2a5a80f.jpg,1,test,0.9997016787528992
OpenImagesDataset/test/f4e471e129d4792f.jpg,1,test,0.9974318146705627
OpenImagesDataset/test/6a5f8d519830eb50.jpg,1,test,1.0
OpenImagesDataset/test/bf12f1db5297acbd.jpg,1,test,0.8665533065795898
OpenImagesDataset/test/a53c0f114612bf66.jpg,1,test,0.9999678134918213
OpenImagesDataset/test/c626ae41eb2f799d.jpg,1,test,0.878935694694519
OpenImagesDataset/test/f4830c4c814a7c14.jpg,1,test,0.00034247394069097936
OpenImagesDataset/test/9dcd010b8f3027cd.jpg,1,test,0.9993587136268616
OpenImagesDataset/test/4322673c99c6ee35.jpg,1,test,0.9151526689529419
OpenImagesDataset/test/f2c828155e04b877.jpg,1,test,0.870494544506073
OpenImagesDataset/test/0e43f9803b11b988.jpg,1,test,1.230540762603792e-17
OpenImagesDataset/test/a490b02fdcaabaaf.jpg,1,test,0.9315828084945679
OpenImagesDataset/test/99f4644a41112662.jpg,1,test,0.28361618518829346
OpenImagesDataset/test/464a1645bc656217.jpg,1,test,0.0006168519030325115
OpenImagesDataset/test/fa75e3ccd1e5b372.jpg,1,test,1.0
OpenImagesDataset/test/fc9e30a047ec880a.jpg,1,test,0.9924025535583496
OpenImagesDataset/test/d6f47aa23d0012b8.jpg,1,test,0.7660201787948608
OpenImagesDataset/test/ebf4585e79e0de89.jpg,1,test,0.9972261786460876
OpenImagesDataset/test/ee051e98dab98c0d.jpg,1,test,8.563203618416892e-11
OpenImagesDataset/test/92a666a8f7100390.jpg,1,test,0.9844197630882263
OpenImagesDataset/test/0ceef1d021e3c616.jpg,1,test,0.9966745376586914
OpenImagesDataset/test/52c04c25846e029b.jpg,1,test,0.27123886346817017
OpenImagesDataset/test/85ebda2283a7a942.jpg,1,test,0.9999998807907104
OpenImagesDataset/test/0472adc387814f6a.jpg,1,test,0.17166677117347717
OpenImagesDataset/test/020b7b734ecf7a17.jpg,1,test,0.006063502281904221
OpenImagesDataset/test/d515c78a28b0775d.jpg,1,test,1.0
OpenImagesDataset/test/da3e20e8e44f8899.jpg,1,test,0.7114931344985962
OpenImagesDataset/test/98efcf2ba1bc27cf.jpg,1,test,0.9104468822479248
OpenImagesDataset/test/f000e6cc1cd75df2.jpg,1,test,0.6031907200813293
OpenImagesDataset/test/c4aab341075446d1.jpg,1,test,0.1340866982936859
OpenImagesDataset/test/ee2da5dcf2e7f740.jpg,1,test,0.9991263747215271
OpenImagesDataset/test/9e0810db77fdf66b.jpg,1,test,0.9995456337928772
OpenImagesDataset/test/158b25958539864a.jpg,1,test,5.213889758305668e-13
OpenImagesDataset/test/a5097668c5d58fa6.jpg,1,test,0.9999998807907104
OpenImagesDataset/test/3c1d08874d6b9fd3.jpg,1,test,1.45148968688117e-20
OpenImagesDataset/test/9f955b348aceec31.jpg,1,test,0.021949533373117447
OpenImagesDataset/test/2636d64b4e7d3148.jpg,1,test,0.6182716488838196
OpenImagesDataset/test/b40886fcde52ef82.jpg,1,test,2.3844322072363866e-08
OpenImagesDataset/test/6c3ad171f41eabce.jpg,1,test,0.906892716884613
OpenImagesDataset/test/cba672cf17c06d34.jpg,1,test,0.5956827402114868
OpenImagesDataset/test/d3d18b02a2beb565.jpg,1,test,0.9766468405723572
OpenImagesDataset/test/03ac8b1dd6db728b.jpg,1,test,1.0
OpenImagesDataset/test/420ec608ad42430e.jpg,1,test,0.9442193508148193
OpenImagesDataset/test/4f623cae504a8c97.jpg,1,test,0.9999128580093384
OpenImagesDataset/test/171bca7e67c741cf.jpg,1,test,1.0
OpenImagesDataset/test/c56351a69dc7a06b.jpg,1,test,0.7114074230194092
OpenImagesDataset/test/bd5c06b3b4b4d96e.jpg,1,test,1.0
OpenImagesDataset/test/208205ba0d290b49.jpg,1,test,0.9896969199180603
OpenImagesDataset/test/f4e083ec372c4105.jpg,1,test,0.9991512298583984
OpenImagesDataset/test/d9255d98643e445b.jpg,1,test,0.18979886174201965
OpenImagesDataset/test/3f51a52be823ef68.jpg,1,test,0.4829725921154022
OpenImagesDataset/test/862af95676ce06fb.jpg,1,test,0.0025598478969186544
OpenImagesDataset/test/60e20252060f3f1f.jpg,1,test,0.5731593370437622
OpenImagesDataset/test/a7c8308559b302b7.jpg,1,test,1.0
OpenImagesDataset/test/58ae2304529cd6ab.jpg,1,test,0.7813652753829956
OpenImagesDataset/test/036a65c9bbf86550.jpg,1,test,0.9617437720298767
OpenImagesDataset/test/ac02413770bd94bc.jpg,1,test,0.9890022277832031
OpenImagesDataset/test/0788b347e6b4d4d6.jpg,1,test,0.9999973773956299
OpenImagesDataset/test/7b0a7367e39d7ae9.jpg,1,test,0.7805533409118652
OpenImagesDataset/test/6dd4d7548bd0ec8d.jpg,1,test,0.10673392564058304
OpenImagesDataset/test/f34a961cf926696e.jpg,1,test,0.0035963936243206263
OpenImagesDataset/test/3245d0a388680c83.jpg,1,test,0.9902127385139465
OpenImagesDataset/test/befa1b5aaabcd554.jpg,1,test,0.9999663829803467
OpenImagesDataset/test/d24da127fabc68f3.jpg,1,test,0.7162816524505615
OpenImagesDataset/test/959f492f7637502f.jpg,1,test,0.9544572234153748
OpenImagesDataset/test/00812a688e387d43.jpg,1,test,0.9927369952201843
OpenImagesDataset/test/3e2d6b8f16addc6e.jpg,1,test,1.0
OpenImagesDataset/test/2aa04895764d7dd9.jpg,1,test,0.9996349811553955
OpenImagesDataset/test/3dd1150dbe78c22f.jpg,1,test,0.9999037981033325
OpenImagesDataset/test/20c363be190f0829.jpg,1,test,0.3072442412376404
OpenImagesDataset/test/56f159fade645f65.jpg,1,test,0.5034422278404236
OpenImagesDataset/test/2e4a45164700fdc8.jpg,1,test,0.9751449227333069
OpenImagesDataset/test/6c121daeb6497385.jpg,1,test,0.6176978945732117
OpenImagesDataset/test/09db444f904f79a1.jpg,1,test,0.009877813048660755
OpenImagesDataset/test/508e797901f240dd.jpg,1,test,0.989490807056427
OpenImagesDataset/test/2d6eef206095ba72.jpg,1,test,0.018394004553556442
OpenImagesDataset/test/c9a40ded7cb17946.jpg,1,test,0.9998863935470581
OpenImagesDataset/test/364f115d9979e6c1.jpg,1,test,7.75062926550163e-06
OpenImagesDataset/test/83909dd58b9c6d05.jpg,1,test,4.1059969646539685e-08
OpenImagesDataset/test/f0dc35cfaad9d472.jpg,1,test,6.014995233272202e-05
OpenImagesDataset/test/b24f383e9456ad41.jpg,1,test,0.9164771437644958
OpenImagesDataset/test/1bf51ec72143c3f7.jpg,1,test,0.9998835325241089
OpenImagesDataset/test/5dbffbad430735c8.jpg,1,test,6.850840207628384e-12
OpenImagesDataset/test/1c0f6291dea1adb6.jpg,1,test,9.622076356172182e-13
OpenImagesDataset/test/ca0113184aebcdb9.jpg,1,test,0.9999998807907104
OpenImagesDataset/test/3024d23311fc7e67.jpg,1,test,0.005329320207238197
OpenImagesDataset/test/6a82985a81d074e8.jpg,1,test,0.6701920032501221
OpenImagesDataset/test/6531ae4b52225a8e.jpg,1,test,0.9997641444206238
OpenImagesDataset/test/0bdc37410ad0c98c.jpg,1,test,8.597912426466792e-08
OpenImagesDataset/test/fb7731d2bf65340f.jpg,1,test,0.9998610019683838
OpenImagesDataset/test/bd5206808e506fdc.jpg,1,test,0.7858434319496155
OpenImagesDataset/test/2b992f806c387624.jpg,1,test,1.0
OpenImagesDataset/test/3193589b6ebfb634.jpg,1,test,1.0
OpenImagesDataset/test/a5ed36d7d48cab9c.jpg,1,test,0.9992844462394714
OpenImagesDataset/test/80b95a8935913250.jpg,1,test,0.9992726445198059
OpenImagesDataset/test/e470100eed3c6c1e.jpg,1,test,0.9999986886978149
OpenImagesDataset/test/4e58e56f0b3d3bb2.jpg,1,test,1.3768164990324294e-06
OpenImagesDataset/test/54dabf4b72776b16.jpg,1,test,0.5842016935348511
OpenImagesDataset/test/8a77b271765657bd.jpg,1,test,0.9999978542327881
OpenImagesDataset/test/54b2b9bce72e171f.jpg,1,test,0.996927797794342
OpenImagesDataset/test/72d4320e6776cd17.jpg,1,test,0.9999996423721313
OpenImagesDataset/test/b3b6f8fddd722563.jpg,1,test,1.610000736506219e-22
OpenImagesDataset/test/c36d8966a9eb1913.jpg,1,test,0.7072688341140747
OpenImagesDataset/test/668081e722674002.jpg,1,test,0.9999246597290039
OpenImagesDataset/test/376ca81693b4b792.jpg,1,test,0.9999982118606567
OpenImagesDataset/test/1042f6f4890bc877.jpg,1,test,0.999987006187439
OpenImagesDataset/test/537624508a5357b5.jpg,1,test,0.9826518297195435
OpenImagesDataset/test/d58c0cdf95e55f27.jpg,1,test,0.9998979568481445
OpenImagesDataset/test/06fb85ef90081c64.jpg,1,test,3.1142903367253894e-08
OpenImagesDataset/test/7312ba9f7ed50eb7.jpg,1,test,0.5163798928260803
OpenImagesDataset/test/fa9f5986c42afdc5.jpg,1,test,0.9133762121200562
OpenImagesDataset/test/feefa11fd6caa389.jpg,1,test,0.8923325538635254
OpenImagesDataset/test/e9fef8a8ea75cdd3.jpg,1,test,0.9746989607810974
OpenImagesDataset/test/04cdaa5cff6efc2c.jpg,1,test,0.501029372215271
OpenImagesDataset/test/e84ee8d1c6769765.jpg,1,test,0.9470464587211609
OpenImagesDataset/test/4311a68f5eeafc07.jpg,1,test,1.0
OpenImagesDataset/test/ed65f00e4cdada37.jpg,1,test,0.0009118349407799542
OpenImagesDataset/test/080ff38e850883a7.jpg,1,test,1.0
OpenImagesDataset/test/53540f79e82eae48.jpg,1,test,0.6342109441757202
OpenImagesDataset/test/8ff03f1c01114027.jpg,1,test,0.6896238923072815
OpenImagesDataset/test/89db8be98bd5e5c7.jpg,1,test,0.03989361226558685
OpenImagesDataset/test/b9a836930d49ebb9.jpg,1,test,0.1575344353914261
OpenImagesDataset/test/58e34f1b22121693.jpg,1,test,0.9041879177093506
OpenImagesDataset/test/25a8f4f5979207b8.jpg,1,test,0.8251914381980896
OpenImagesDataset/test/f81c8f91b9aeee39.jpg,1,test,0.9999979734420776
OpenImagesDataset/test/75c4a378630097f9.jpg,1,test,0.9888961315155029
OpenImagesDataset/test/0e3f82eae457eb49.jpg,1,test,0.8776534199714661
OpenImagesDataset/test/f5fb733f3f06d063.jpg,1,test,0.9886658191680908
OpenImagesDataset/test/33f91329d43a40f1.jpg,1,test,0.9987780451774597
OpenImagesDataset/test/fdf995c519cae6c6.jpg,1,test,0.9739246964454651
OpenImagesDataset/test/3cf71211946ede49.jpg,1,test,0.8499593138694763
OpenImagesDataset/test/0e33e0d79a3b416a.jpg,1,test,0.9999698400497437
OpenImagesDataset/test/4ec7b90c482db508.jpg,1,test,0.0006711441092193127
OpenImagesDataset/test/4953fda4aacc209d.jpg,1,test,0.9999368190765381
OpenImagesDataset/test/28e60e9fb35d820e.jpg,1,test,1.0
OpenImagesDataset/test/64eb1674a9b36954.jpg,1,test,0.49003177881240845
OpenImagesDataset/test/a6db0967c157854d.jpg,1,test,0.9999635219573975
OpenImagesDataset/test/9af73810a54cc562.jpg,1,test,0.5815912485122681
OpenImagesDataset/test/ab4cb2e897eaddde.jpg,1,test,0.3243976831436157
OpenImagesDataset/test/4cf816255bf9bdd8.jpg,1,test,0.9977471232414246
OpenImagesDataset/test/93908cfaf9b634e2.jpg,1,test,0.9975042939186096
OpenImagesDataset/test/5af7b12cb1e77ea7.jpg,1,test,0.9999899864196777
OpenImagesDataset/test/e499d8da3eaae392.jpg,1,test,3.8192030871186944e-08
OpenImagesDataset/test/d2ef8f4bfba0d4f3.jpg,1,test,0.8659099340438843
OpenImagesDataset/test/47e95bd5c55f07c2.jpg,1,test,5.8817235526476e-09
OpenImagesDataset/test/460a97a1742f99f4.jpg,1,test,0.9992179870605469
OpenImagesDataset/test/ded604c8d50230b9.jpg,1,test,0.21867506206035614
OpenImagesDataset/test/80ebb64472526648.jpg,1,test,2.0195739178219263e-11
OpenImagesDataset/test/eb386a86e5f4a653.jpg,1,test,0.017263442277908325
OpenImagesDataset/test/e8ee16d9a20b992f.jpg,1,test,0.7421855926513672
OpenImagesDataset/test/d47693be59e06182.jpg,1,test,0.9999974966049194
OpenImagesDataset/test/e8bc35b55e0ca842.jpg,1,test,0.6726281046867371
OpenImagesDataset/test/c13e0eca90a060a5.jpg,1,test,0.4975091814994812
OpenImagesDataset/test/0b0e46b5683b443f.jpg,1,test,0.9610648155212402
OpenImagesDataset/test/00ad00e25bf4a7bc.jpg,1,test,0.8878017663955688
OpenImagesDataset/test/6358006aa32377c5.jpg,1,test,0.9472619295120239
OpenImagesDataset/test/21a642b754828058.jpg,1,test,0.9999947547912598
OpenImagesDataset/test/6fe57191fc50e1a9.jpg,1,test,0.9909114241600037
OpenImagesDataset/test/dac2008b12a144d9.jpg,1,test,0.9456681609153748
OpenImagesDataset/test/8af3da6b199c45dc.jpg,1,test,0.9983660578727722
OpenImagesDataset/test/90436c7e61ce2c9a.jpg,1,test,0.9876071810722351
OpenImagesDataset/test/2e0c61583ee283f8.jpg,1,test,0.9999493360519409
OpenImagesDataset/test/887a34e8ec3c556b.jpg,1,test,0.9935213923454285
OpenImagesDataset/test/217810dd260088d1.jpg,1,test,0.9997149109840393
OpenImagesDataset/test/ee40fce6a75a76af.jpg,1,test,1.196929588331841e-06
OpenImagesDataset/test/535d488f00e610ac.jpg,1,test,0.9967995882034302
OpenImagesDataset/test/e1f1a3ae4881e127.jpg,1,test,0.1746896207332611
OpenImagesDataset/test/17b34edec4312fa6.jpg,1,test,0.9981448650360107
OpenImagesDataset/test/af72148e6ce15e25.jpg,1,test,0.9974262118339539
OpenImagesDataset/test/dc59f03aabdd3065.jpg,1,test,0.04477142542600632
OpenImagesDataset/test/ed38826632f2ef38.jpg,1,test,0.6294528841972351
OpenImagesDataset/test/dffe0a1051193d5f.jpg,1,test,0.00011761588393710554
OpenImagesDataset/test/a0405bac0080cea6.jpg,1,test,0.9999282360076904
OpenImagesDataset/test/74cf74ec7469c0cf.jpg,1,test,0.013325355015695095
OpenImagesDataset/test/ff11b5c5345d25af.jpg,1,test,0.9999939203262329
OpenImagesDataset/test/cdb1f7b61e51221f.jpg,1,test,0.9994639754295349
OpenImagesDataset/test/83c1c231eb37543e.jpg,1,test,0.9683605432510376
OpenImagesDataset/test/67d34efa217d9a28.jpg,1,test,4.13489033235237e-06
OpenImagesDataset/test/33e89b6d7ae0820a.jpg,1,test,1.0
OpenImagesDataset/test/037d01ea79f33a44.jpg,1,test,1.0
OpenImagesDataset/test/c5768654f5c2f9f0.jpg,1,test,4.626643658411922e-06
OpenImagesDataset/test/d3de1e1d1e657120.jpg,1,test,0.9796116948127747
OpenImagesDataset/test/21eac74cc306ee57.jpg,1,test,0.9250566363334656
OpenImagesDataset/test/6dba14afff8ec0b8.jpg,1,test,0.0019357308046892285
OpenImagesDataset/test/c70f2bd1bed12194.jpg,1,test,1.0
OpenImagesDataset/test/77d8f1427530d52c.jpg,1,test,0.9626979231834412
OpenImagesDataset/test/0e105ec6ccf5c23c.jpg,1,test,2.39313013850051e-08
OpenImagesDataset/test/60f32dbb6cd28042.jpg,1,test,0.29923221468925476
OpenImagesDataset/test/71c5808bfd69c13d.jpg,1,test,0.9505988359451294
OpenImagesDataset/test/682339dc03514498.jpg,1,test,0.0015791752375662327
OpenImagesDataset/test/5458125a838f44db.jpg,1,test,1.0
OpenImagesDataset/test/698b336fb57b2864.jpg,1,test,1.0
OpenImagesDataset/test/e4c2c24591458920.jpg,1,test,0.7968834638595581
OpenImagesDataset/test/1f3973a7dcbd559f.jpg,1,test,0.9820755124092102
OpenImagesDataset/test/a37bba5c343a7130.jpg,1,test,0.9111705422401428
OpenImagesDataset/test/4088dc97c43d10b6.jpg,1,test,0.822679340839386
OpenImagesDataset/test/173d6fa712870904.jpg,1,test,0.1804533153772354
OpenImagesDataset/test/6115e12fe07a6fe9.jpg,1,test,0.662319540977478
OpenImagesDataset/test/a288c3972dc65ea7.jpg,1,test,1.0
OpenImagesDataset/test/142b702a172fc8a8.jpg,1,test,0.9999985694885254
OpenImagesDataset/test/49e2ad52cdcc7f2d.jpg,1,test,0.9979934692382812
OpenImagesDataset/test/ebd286b5a35a0c2b.jpg,1,test,0.9999876022338867
OpenImagesDataset/test/baf749217938dafb.jpg,1,test,0.37744954228401184
OpenImagesDataset/test/ab07be624119a8b4.jpg,1,test,4.992222670807678e-07
OpenImagesDataset/test/c9cd424f704597bc.jpg,1,test,0.08119671791791916
OpenImagesDataset/test/99806978eff9c0b0.jpg,1,test,0.7209742665290833
OpenImagesDataset/test/a7ec69c15b625bd3.jpg,1,test,0.9899802803993225
OpenImagesDataset/test/6f895675b69c8159.jpg,1,test,0.9378684759140015
OpenImagesDataset/test/9b958bc8a82146b0.jpg,1,test,0.9999445676803589
OpenImagesDataset/test/a10be46ef10ff89e.jpg,1,test,0.9990575909614563
OpenImagesDataset/test/777695766935dc5e.jpg,1,test,0.994728147983551
OpenImagesDataset/test/a2deabc292e18612.jpg,1,test,0.8726959228515625
OpenImagesDataset/test/f389d1b3aefdbff5.jpg,1,test,0.8530142903327942
OpenImagesDataset/test/0bdc378272c98063.jpg,1,test,0.9999997615814209
OpenImagesDataset/test/27e16931688a780f.jpg,1,test,2.2393921439434195e-10
OpenImagesDataset/test/ccbd3e50142446d1.jpg,1,test,0.010826539248228073
OpenImagesDataset/test/01664ee7a0a4c312.jpg,1,test,0.000725854653865099
OpenImagesDataset/test/d0171130e5f6ad1a.jpg,1,test,0.7456017136573792
OpenImagesDataset/test/7b0e53c685e2d48f.jpg,1,test,0.9243287444114685
OpenImagesDataset/test/5e786650c54071da.jpg,1,test,0.9996390342712402
OpenImagesDataset/test/40986fd3bd0962c1.jpg,1,test,0.9999035596847534
OpenImagesDataset/test/7a0dcb6674c993e5.jpg,1,test,0.013996293768286705
OpenImagesDataset/test/5da1007fb1ded1b2.jpg,1,test,0.39095693826675415
OpenImagesDataset/test/0561577bc1f2b79f.jpg,1,test,1.0
OpenImagesDataset/test/a9c4394554c9383e.jpg,1,test,0.99893718957901
OpenImagesDataset/test/c0ad154a8b0248ac.jpg,1,test,0.9471319913864136
OpenImagesDataset/test/fb2b7595bde5dedc.jpg,1,test,0.9272439479827881
OpenImagesDataset/test/e443b8378120284c.jpg,1,test,0.00039208290399983525
OpenImagesDataset/test/f3d192343e2ffd8e.jpg,1,test,1.047587267516306e-15
OpenImagesDataset/test/2ed9e77c97542f51.jpg,1,test,0.9999144077301025
OpenImagesDataset/test/c479a061acbf7ee6.jpg,1,test,0.08806749433279037
OpenImagesDataset/test/f0239ccd7f1d7e71.jpg,1,test,0.9220038056373596
OpenImagesDataset/test/c8bcf7cd6b8c9ab4.jpg,1,test,0.9999452829360962
OpenImagesDataset/test/21a02a2c7a37869b.jpg,1,test,0.9997444748878479
OpenImagesDataset/test/fe9fa5eef6817ec8.jpg,1,test,0.999697208404541
OpenImagesDataset/test/56c3b2d15b498b5e.jpg,1,test,0.9999843835830688
OpenImagesDataset/test/dfdb06a7d081bfe1.jpg,1,test,0.9046211242675781
OpenImagesDataset/test/339da939afa8a326.jpg,1,test,1.0
OpenImagesDataset/test/e76e17d68351cce4.jpg,1,test,0.9931319355964661
OpenImagesDataset/test/b8a30ca30b1a915f.jpg,1,test,0.8649091720581055
OpenImagesDataset/test/b6ea3f32a6d6cc55.jpg,1,test,0.9992814660072327
OpenImagesDataset/test/15096d48402ecae5.jpg,1,test,0.9597868323326111
OpenImagesDataset/test/1242d4fdabaf4e14.jpg,1,test,0.9661313891410828
OpenImagesDataset/test/dbcc301d4be99d43.jpg,1,test,1.0
OpenImagesDataset/test/23d788568aeffe14.jpg,1,test,1.6926742125999983e-12
OpenImagesDataset/test/8e63c35f91ff2973.jpg,1,test,0.655712366104126
OpenImagesDataset/test/33841d8146644ae7.jpg,1,test,0.8505089282989502
OpenImagesDataset/test/a9c62aea377b6295.jpg,1,test,0.8418894410133362
OpenImagesDataset/test/2b060295b387e15b.jpg,1,test,0.9420571327209473
OpenImagesDataset/test/b1acd6efaa446374.jpg,1,test,0.9921493530273438
OpenImagesDataset/test/f8de418e9d5dcf55.jpg,1,test,0.5129035115242004
OpenImagesDataset/test/56270f2c6df1c609.jpg,1,test,0.9999790191650391
OpenImagesDataset/test/1bfc44e144538445.jpg,1,test,0.00442154286429286
OpenImagesDataset/test/b2fb1da711e42eac.jpg,1,test,0.9946293234825134
OpenImagesDataset/test/03b12e58a798c108.jpg,1,test,0.9994829893112183
OpenImagesDataset/test/aeb3f848237c93f9.jpg,1,test,0.9596100449562073
OpenImagesDataset/test/ef02311c72995cb0.jpg,1,test,0.7582560181617737
OpenImagesDataset/test/d5f9e5c7dc100597.jpg,1,test,0.9999970197677612
OpenImagesDataset/test/bbfaa8e80642a146.jpg,1,test,0.01093306764960289
OpenImagesDataset/test/a8836bdcd384bb7c.jpg,1,test,1.0
OpenImagesDataset/test/af27afeb0a05831c.jpg,1,test,0.6985821723937988
OpenImagesDataset/test/67fc0102dfa1de8e.jpg,1,test,0.9303619861602783
OpenImagesDataset/test/84ff2c90dac928bd.jpg,1,test,0.9999986886978149
OpenImagesDataset/test/1c3e64bc23ded3fb.jpg,1,test,0.8589388132095337
OpenImagesDataset/test/6cb393c4b50a2c7a.jpg,1,test,0.07614149898290634
OpenImagesDataset/test/71f63e7c8fcec125.jpg,1,test,3.501760825752598e-10
OpenImagesDataset/test/ed19622c2bfd83aa.jpg,1,test,7.98885124719817e-11
OpenImagesDataset/test/5b9591f0f81b6429.jpg,1,test,0.989915132522583
OpenImagesDataset/test/b25d39c6201beab4.jpg,1,test,0.963546633720398
OpenImagesDataset/test/1d2af5e8a2d928b8.jpg,1,test,1.0
OpenImagesDataset/test/9e22d3b2ed00f497.jpg,1,test,0.9999997615814209
OpenImagesDataset/test/3942c5dc5c339fda.jpg,1,test,0.7434636950492859
OpenImagesDataset/test/e40f68d7f6404882.jpg,1,test,0.999996542930603
OpenImagesDataset/test/60ceb7f9be874511.jpg,1,test,0.611843466758728
OpenImagesDataset/test/93ca40b617e3dbcc.jpg,1,test,1.9889011889633265e-18
OpenImagesDataset/test/fb576bec6e336301.jpg,1,test,0.9143715500831604
OpenImagesDataset/test/c9a128d2766b4cf9.jpg,1,test,0.9313535094261169
OpenImagesDataset/test/164e11a8bf2279fa.jpg,1,test,0.9999997615814209
OpenImagesDataset/test/d2f1ad4d3e80cf66.jpg,1,test,2.9553473268606467e-07
OpenImagesDataset/test/9283e38d33693aa7.jpg,1,test,0.9999984502792358
OpenImagesDataset/test/ddfe4709b1db7338.jpg,1,test,0.8850812315940857
OpenImagesDataset/test/f5888a24f9c579e8.jpg,1,test,3.384495357749984e-05
OpenImagesDataset/test/c6c86a2edd04f726.jpg,1,test,0.9999994039535522
OpenImagesDataset/test/76ea895a1b01c578.jpg,1,test,0.9031974673271179
OpenImagesDataset/test/04735341a1d6c046.jpg,1,test,0.9788656234741211
OpenImagesDataset/test/c75f2287a99a60d8.jpg,1,test,0.9988985061645508
OpenImagesDataset/test/f5be8c6c3034b064.jpg,1,test,0.9998230338096619
OpenImagesDataset/test/1f8487ef4e7934c0.jpg,1,test,0.00025672552874311805
OpenImagesDataset/test/8e0cb0b04edf5082.jpg,1,test,7.490345619124452e-22
OpenImagesDataset/test/e74bc7866118b708.jpg,1,test,0.9840234518051147
OpenImagesDataset/test/ea14c7f019c8e26a.jpg,1,test,0.49662140011787415
OpenImagesDataset/test/b90949eeaee21f8b.jpg,1,test,0.3921620547771454
OpenImagesDataset/test/177980d4cad87dc7.jpg,1,test,2.4736738168940064e-07
OpenImagesDataset/test/cd3524c69c3338b3.jpg,1,test,0.2094162553548813
OpenImagesDataset/test/6359d39d6c192bff.jpg,1,test,0.9792940020561218
OpenImagesDataset/test/13c15d09480b7db7.jpg,1,test,3.855455361190252e-05
OpenImagesDataset/test/40d8e9c3c03b17a7.jpg,1,test,1.0
OpenImagesDataset/test/13d55c4961174dd0.jpg,1,test,0.5978429317474365
OpenImagesDataset/test/5afdfe67dde54a19.jpg,1,test,0.9914587736129761
OpenImagesDataset/test/cd0a982fe7dc756a.jpg,1,test,0.9999316930770874
OpenImagesDataset/test/354f03ea7f7f57e8.jpg,1,test,0.7985936999320984
OpenImagesDataset/test/17b72f094211173f.jpg,1,test,4.776503492861725e-16
OpenImagesDataset/test/1571768f086b1eea.jpg,1,test,2.2596535753649505e-09
OpenImagesDataset/test/ac707c01f340b602.jpg,1,test,0.018321162089705467
OpenImagesDataset/test/716fcabbbba5a028.jpg,1,test,0.9976962208747864
OpenImagesDataset/test/8c01e20adc07bf02.jpg,1,test,5.309461812430527e-07
OpenImagesDataset/test/a990905c3b862396.jpg,1,test,0.99973064661026
OpenImagesDataset/test/6a55188c5b91b553.jpg,1,test,0.6933956146240234
OpenImagesDataset/test/eae3a48ebef0f65e.jpg,1,test,1.0
OpenImagesDataset/test/78a6df7e84d7e269.jpg,1,test,0.9989506006240845
OpenImagesDataset/test/df3771bfe3717979.jpg,1,test,0.09962397068738937
OpenImagesDataset/test/b575a1d31115c6c8.jpg,1,test,0.7059110403060913
OpenImagesDataset/test/03548af187031f01.jpg,1,test,0.9999676942825317
OpenImagesDataset/test/3cdbc333bf0b8c89.jpg,1,test,0.9999884366989136
OpenImagesDataset/test/95222ad34d60c744.jpg,1,test,3.094171216653721e-23
OpenImagesDataset/test/85e74e85b34fdc81.jpg,1,test,0.9271296858787537
OpenImagesDataset/test/0cff9829bbe42975.jpg,1,test,1.0
OpenImagesDataset/test/b2346769d4cba8ec.jpg,1,test,0.9959702491760254
OpenImagesDataset/test/580ee8c8d6d502be.jpg,1,test,0.9702248573303223
OpenImagesDataset/test/3de6083514fb3c33.jpg,1,test,1.140007191050765e-23
OpenImagesDataset/test/df051b0c6ebe3e66.jpg,1,test,0.9940434098243713
OpenImagesDataset/test/1e136158d2f0aba3.jpg,1,test,0.9952491521835327
OpenImagesDataset/test/1471d2febe5af12e.jpg,1,test,0.9946780204772949
OpenImagesDataset/test/bf45e527c939e78f.jpg,1,test,1.0
OpenImagesDataset/test/8530ffec518a6b4e.jpg,1,test,0.9600705504417419
OpenImagesDataset/test/6d3d4e1419303226.jpg,1,test,0.2660873532295227
OpenImagesDataset/test/5403becf6bb6ba29.jpg,1,test,0.6395518779754639
OpenImagesDataset/test/8c73e25998b5d3ee.jpg,1,test,0.027028623968362808
OpenImagesDataset/test/5701cdf17def4b48.jpg,1,test,0.9908915162086487
OpenImagesDataset/test/e8fbfd1d2530362d.jpg,1,test,0.9999841451644897
OpenImagesDataset/test/cd6c8900fd2e9fed.jpg,1,test,0.7430656552314758
OpenImagesDataset/test/ee72c14a93df1c50.jpg,1,test,0.0016447539674118161
OpenImagesDataset/test/88941d99a41f26d5.jpg,1,test,0.9982994198799133
OpenImagesDataset/test/ea91893686020163.jpg,1,test,0.7593816518783569
OpenImagesDataset/test/409673967c35597a.jpg,1,test,0.9998229146003723
OpenImagesDataset/test/ae6629049526febf.jpg,1,test,0.9998763799667358
OpenImagesDataset/test/64224a597cc35c01.jpg,1,test,0.7997393608093262
OpenImagesDataset/test/4b1b2d1a223047ad.jpg,1,test,0.9999922513961792
OpenImagesDataset/test/8f3a63d5c06af496.jpg,1,test,0.9999991655349731
OpenImagesDataset/test/2f299e7e995949f3.jpg,1,test,0.9965378046035767
OpenImagesDataset/test/fde9e0f81a7f2ef4.jpg,1,test,0.9998014569282532
OpenImagesDataset/test/9edeb776e7498482.jpg,1,test,0.99793541431427
OpenImagesDataset/test/b90d52625a313285.jpg,1,test,5.971809752811269e-19
OpenImagesDataset/test/3d149698e30cfc3c.jpg,1,test,0.0006538112065754831
OpenImagesDataset/test/5cf17548730afcbd.jpg,1,test,0.9979742169380188
OpenImagesDataset/test/40522109d3a64858.jpg,1,test,1.0
OpenImagesDataset/test/ee6a28a943545581.jpg,1,test,0.9985264539718628
OpenImagesDataset/test/ee7773b6789481c7.jpg,1,test,0.9852339625358582
OpenImagesDataset/test/ca46646068852524.jpg,1,test,1.0
OpenImagesDataset/test/a1f1deb92ce6b248.jpg,1,test,0.9999995231628418
OpenImagesDataset/test/0b5faf743305c39a.jpg,1,test,0.9997909665107727
OpenImagesDataset/test/09f1acedd7de21fe.jpg,1,test,0.8705195188522339
OpenImagesDataset/test/40fb939a34785e12.jpg,1,test,0.9640645384788513
OpenImagesDataset/test/4dbba809d9f337dc.jpg,1,test,0.9992827773094177
OpenImagesDataset/test/d965d1cf4630121c.jpg,1,test,0.4610080122947693
OpenImagesDataset/test/ee12c3613686c4da.jpg,1,test,0.9751017093658447
OpenImagesDataset/test/7eeb98647c8628a9.jpg,1,test,0.5378413796424866
OpenImagesDataset/test/79e060cdc214225a.jpg,1,test,1.3742786075798819e-10
OpenImagesDataset/test/68a32d28ef629d9c.jpg,1,test,0.7589184641838074
OpenImagesDataset/test/fac301763cc1787d.jpg,1,test,0.9987273812294006
OpenImagesDataset/test/40fb660648d8cb5a.jpg,1,test,0.004964548163115978
OpenImagesDataset/test/ab472474fdf248f4.jpg,1,test,0.9999905824661255
OpenImagesDataset/test/e6b165ff2a7c1c2f.jpg,1,test,6.503487846347971e-20
OpenImagesDataset/test/14f99fff2f7833da.jpg,1,test,0.9980820417404175
OpenImagesDataset/test/303b2fb21e4847d3.jpg,1,test,1.0
OpenImagesDataset/test/19bcee3dde24f11d.jpg,1,test,0.9999759197235107
OpenImagesDataset/test/1cedea3cdd6cee21.jpg,1,test,0.9952664375305176
OpenImagesDataset/test/931da9be533a403d.jpg,1,test,0.1639120727777481
OpenImagesDataset/test/70566da620c041b8.jpg,1,test,0.9782560467720032
OpenImagesDataset/test/8f259a49ffe995de.jpg,1,test,0.3085944950580597
OpenImagesDataset/test/ef87d11dcda15550.jpg,1,test,8.08843280981214e-15
OpenImagesDataset/test/eb2dc12889f95fac.jpg,1,test,0.9965245127677917
OpenImagesDataset/test/1d0918ae86fcfb8f.jpg,1,test,0.3616117537021637
OpenImagesDataset/test/3758ace9a3250b46.jpg,1,test,0.9616312980651855
OpenImagesDataset/test/edf86228afadf4d1.jpg,1,test,0.9999974966049194
OpenImagesDataset/test/7f34267f10f04b4b.jpg,1,test,0.00878194347023964
OpenImagesDataset/test/8ce0f83afd771bc3.jpg,1,test,0.9999915361404419
OpenImagesDataset/test/be05bef517f64a68.jpg,1,test,0.9212705492973328
OpenImagesDataset/test/bf1f9be6eeebb068.jpg,1,test,0.9995285272598267
OpenImagesDataset/test/2b66f3c7fee39ef2.jpg,1,test,0.33493179082870483
OpenImagesDataset/test/56e5fac70f85bbba.jpg,1,test,0.9984122514724731
OpenImagesDataset/test/eaa109b91f943cb3.jpg,1,test,0.9194434881210327
OpenImagesDataset/test/096530f58232b7fe.jpg,1,test,0.9999649524688721
OpenImagesDataset/test/67eb56118d46cc60.jpg,1,test,0.005871592089533806
OpenImagesDataset/test/9ea2756b355abee5.jpg,1,test,0.9939641356468201
OpenImagesDataset/test/cbb098eac7212c56.jpg,1,test,0.7595165371894836
OpenImagesDataset/test/9c9d02fb4d42adeb.jpg,1,test,0.9645980000495911
OpenImagesDataset/test/c9824c6f77c4877a.jpg,1,test,2.708285933294974e-07
OpenImagesDataset/test/49b19721abeccc5e.jpg,1,test,4.8191209316428285e-06
OpenImagesDataset/test/3a07b01bc9f7c168.jpg,1,test,0.965968668460846
OpenImagesDataset/test/80c30a7079601180.jpg,1,test,0.5134863257408142
OpenImagesDataset/test/62501dff9b6b0a2b.jpg,1,test,0.7427056431770325
OpenImagesDataset/test/903842563d036aaa.jpg,1,test,0.5640566945075989
OpenImagesDataset/test/6ef4282b6221795e.jpg,1,test,1.0
OpenImagesDataset/test/94b560a540fe777a.jpg,1,test,0.9955812096595764
OpenImagesDataset/test/4c1c49068989bf9e.jpg,1,test,0.36439013481140137
OpenImagesDataset/test/1bf9895846159376.jpg,1,test,0.017482958734035492
OpenImagesDataset/test/680450fa362b75d9.jpg,1,test,1.0
OpenImagesDataset/test/e442b41a459d6695.jpg,1,test,0.9992751479148865
OpenImagesDataset/test/9e782f5e008d75ec.jpg,1,test,0.9999511241912842
OpenImagesDataset/test/8419a5a74d88cf1e.jpg,1,test,1.4177008456073281e-09
OpenImagesDataset/test/82d5b8f43604bdc3.jpg,1,test,0.8875447511672974
OpenImagesDataset/test/0962b832b3090472.jpg,1,test,0.8909231424331665
OpenImagesDataset/test/75d56f655f75da2e.jpg,1,test,0.03579605370759964
OpenImagesDataset/test/52904ed66f61ff12.jpg,1,test,0.999990701675415
OpenImagesDataset/test/acbc353906e58c7e.jpg,1,test,1.758822804731608e-06
OpenImagesDataset/test/92de7044b30f8bec.jpg,1,test,0.9956627488136292
OpenImagesDataset/test/ef851c68e1a3b73e.jpg,1,test,0.993266224861145
OpenImagesDataset/test/bd9bc51df7ea1564.jpg,1,test,8.941347553852175e-13
OpenImagesDataset/test/0af888298b06c828.jpg,1,test,0.7204157710075378
OpenImagesDataset/test/858253d408bf539a.jpg,1,test,0.0882687121629715
OpenImagesDataset/test/d41026c84a57f7c6.jpg,1,test,0.9290156364440918
OpenImagesDataset/test/91cc2d589abcd470.jpg,1,test,0.8053476214408875
OpenImagesDataset/test/5fef1f3c2061544f.jpg,1,test,0.8661773204803467
OpenImagesDataset/test/1a741ef128a60b47.jpg,1,test,0.9996559619903564
OpenImagesDataset/test/06997570df7061e6.jpg,1,test,0.991844117641449
OpenImagesDataset/test/fbdc26ba10c91e33.jpg,1,test,0.9992749094963074
OpenImagesDataset/test/58c2b90dfae05952.jpg,1,test,0.9317485094070435
OpenImagesDataset/test/5dbbe5a305d7dc8f.jpg,1,test,0.8473125696182251
OpenImagesDataset/test/81cf229949b4b98a.jpg,1,test,0.49230074882507324
OpenImagesDataset/test/f478c9015ad7cef3.jpg,1,test,0.8750013113021851
OpenImagesDataset/test/617788ce9e9afb6e.jpg,1,test,1.0
OpenImagesDataset/test/d42b5fe6c6103019.jpg,1,test,0.8006769418716431
OpenImagesDataset/test/ee6f70ef3de63e6d.jpg,1,test,0.3310902714729309
OpenImagesDataset/test/751ad7417acc7152.jpg,1,test,0.4510178864002228
OpenImagesDataset/test/29ef993b4b6b33d0.jpg,1,test,0.994716465473175
OpenImagesDataset/test/8d50cbe8637b8286.jpg,1,test,0.99991774559021
OpenImagesDataset/test/d5ab25fbb199fb63.jpg,1,test,0.8497310876846313
OpenImagesDataset/test/ff0a09b9702a0a21.jpg,1,test,0.9999603033065796
OpenImagesDataset/test/2cec45ce984443b2.jpg,1,test,0.998210072517395
OpenImagesDataset/test/61b371f5cbcf382f.jpg,1,test,0.00011327087850077078
OpenImagesDataset/test/d1af2562e514b5bd.jpg,1,test,0.3143591582775116
OpenImagesDataset/test/912734ffa66a6d7f.jpg,1,test,0.9967271089553833
OpenImagesDataset/test/6748b9f6c0a10c97.jpg,1,test,2.075021438940894e-05
OpenImagesDataset/test/a1d32a9b35bf01bb.jpg,1,test,0.20436185598373413
OpenImagesDataset/test/2ca7fd20c5cc3641.jpg,1,test,0.9970205426216125
OpenImagesDataset/test/4ed73ce898472fb9.jpg,1,test,0.9999984502792358
OpenImagesDataset/test/f51fe3931ad12cc7.jpg,1,test,0.0047713578678667545
OpenImagesDataset/test/ba012440d5f49203.jpg,1,test,0.9990461468696594
OpenImagesDataset/test/d08bbb32144db9dc.jpg,1,test,0.3613502085208893
OpenImagesDataset/test/e98ee1dbf18f28da.jpg,1,test,9.342806151835248e-06
OpenImagesDataset/test/3bde15c8de9b87b9.jpg,1,test,0.9052553772926331
OpenImagesDataset/test/10ebec1071c3ef8b.jpg,1,test,0.9923813939094543
OpenImagesDataset/test/b56221ecd14b4c3b.jpg,1,test,0.9999998807907104
OpenImagesDataset/test/afd4ab0bc31c0373.jpg,1,test,1.0
OpenImagesDataset/test/f630137cb7b206af.jpg,1,test,0.63481605052948
OpenImagesDataset/test/0006acf221a3e1d1.jpg,1,test,0.3395107388496399
OpenImagesDataset/test/c49f5fec34adba23.jpg,1,test,0.9999873638153076
OpenImagesDataset/test/a242643e78a300d8.jpg,1,test,0.9998873472213745
OpenImagesDataset/test/7448c261e96505bf.jpg,1,test,0.9997596144676208
OpenImagesDataset/test/08e355282dec878a.jpg,1,test,0.8798015713691711
OpenImagesDataset/test/eff43d46b614b501.jpg,1,test,0.3156489431858063
OpenImagesDataset/test/0505500241c3ed61.jpg,1,test,0.3253307342529297
OpenImagesDataset/test/85928f99c567638e.jpg,1,test,0.8166718482971191
OpenImagesDataset/test/5ba91f52c1da789e.jpg,1,test,0.5294864177703857
OpenImagesDataset/test/b063a4adfcdf0e73.jpg,1,test,1.0
OpenImagesDataset/test/021308dcac42c0ec.jpg,1,test,0.9988623857498169
OpenImagesDataset/test/07c5811cd079928d.jpg,1,test,0.9993133544921875
OpenImagesDataset/test/87e640df159e38b2.jpg,1,test,0.9141335487365723
OpenImagesDataset/test/3ba023c5bb162a28.jpg,1,test,0.0019112754380330443
OpenImagesDataset/test/226670293e9a0ff3.jpg,1,test,0.9668721556663513
OpenImagesDataset/test/0f306d115a513170.jpg,1,test,0.9933263063430786
OpenImagesDataset/test/44167b13e878ee25.jpg,1,test,0.9932082295417786
OpenImagesDataset/test/1ba13c0562599248.jpg,1,test,0.7551725506782532
OpenImagesDataset/test/f5e27c88869d1569.jpg,1,test,0.9638105630874634
OpenImagesDataset/test/c712260017419cc2.jpg,1,test,0.9928721785545349
OpenImagesDataset/test/1006a71ba68038b1.jpg,1,test,0.7297521829605103
OpenImagesDataset/test/db383a792b24fdb2.jpg,1,test,0.7930291891098022
OpenImagesDataset/test/cfb8c5b0f0009b8a.jpg,1,test,0.9999998807907104
OpenImagesDataset/test/673f42f64a7d6397.jpg,1,test,1.6014349967008457e-05
OpenImagesDataset/test/2da8ed2071ed6587.jpg,1,test,0.9721121191978455
OpenImagesDataset/test/b755716a403daa73.jpg,1,test,0.6837230920791626
OpenImagesDataset/test/68ef774daffea4c0.jpg,1,test,0.2744102478027344
OpenImagesDataset/test/a745bdb37ff35764.jpg,1,test,0.7240447402000427
OpenImagesDataset/test/9bbfa585994fd5fc.jpg,1,test,0.9999998807907104
OpenImagesDataset/test/920a5009362e890f.jpg,1,test,0.9393725395202637
OpenImagesDataset/test/88ea85050a7f7194.jpg,1,test,0.0005020810640417039
OpenImagesDataset/test/f016efca0e2d0659.jpg,1,test,0.647750973701477
OpenImagesDataset/test/f82113911ff762bc.jpg,1,test,0.15494877099990845
OpenImagesDataset/test/e3c0e7a45825d8c2.jpg,1,test,0.7992658019065857
OpenImagesDataset/test/cb87528ad5629540.jpg,1,test,0.3016388416290283
OpenImagesDataset/test/28e2725532cff3da.jpg,1,test,0.9999862909317017
OpenImagesDataset/test/d2975f7c920beb98.jpg,1,test,0.7874346375465393
OpenImagesDataset/test/1ce724435658dd46.jpg,1,test,0.9996895790100098
OpenImagesDataset/test/c2ab096a75f900fb.jpg,1,test,0.999583899974823
OpenImagesDataset/test/211642da4015aca6.jpg,1,test,0.9033397436141968
OpenImagesDataset/test/0af6968cbe05ef0e.jpg,1,test,0.9983137845993042
OpenImagesDataset/test/4bb40baf095ce3fd.jpg,1,test,0.3980436623096466
OpenImagesDataset/test/02fcd677ba652117.jpg,1,test,0.3436470925807953
OpenImagesDataset/test/54dcf1670bfc5035.jpg,1,test,0.9999982118606567
OpenImagesDataset/test/1064b8242aeda1d6.jpg,1,test,0.5382994413375854
OpenImagesDataset/test/dd25715fa2651270.jpg,1,test,0.9989305138587952
OpenImagesDataset/test/aa8e4cb6c6cfbdab.jpg,1,test,0.023959428071975708
OpenImagesDataset/test/22c839f33b29c193.jpg,1,test,0.9962074756622314
OpenImagesDataset/test/e6b2ccefc46319a4.jpg,1,test,0.017471518367528915
OpenImagesDataset/test/25ddb5f9fdb42e74.jpg,1,test,0.7527204751968384
OpenImagesDataset/test/78e45ecdb670c561.jpg,1,test,0.0016091993311420083
OpenImagesDataset/test/a102788fe879b174.jpg,1,test,0.6876538991928101
OpenImagesDataset/test/59b497d14b20d6f3.jpg,1,test,1.0
OpenImagesDataset/test/81e348fba2720db0.jpg,1,test,0.9993056058883667
OpenImagesDataset/test/d84959a4463cd32f.jpg,1,test,0.9999886751174927
OpenImagesDataset/test/d24ff85e60bad09e.jpg,1,test,0.9946469664573669
OpenImagesDataset/test/d993ef8cf63f0dee.jpg,1,test,0.9934701919555664
OpenImagesDataset/test/ca21861bdccbb4c4.jpg,1,test,0.9999284744262695
OpenImagesDataset/test/9f443362fcc0f2ef.jpg,1,test,1.0
OpenImagesDataset/test/ee95aa22f8b3cf9c.jpg,1,test,0.21709926426410675
OpenImagesDataset/test/e9b4bd4fad373078.jpg,1,test,0.31199583411216736
OpenImagesDataset/test/8cccc45268bac374.jpg,1,test,0.000707276922184974
OpenImagesDataset/test/5ff69a89609d349c.jpg,1,test,0.9853736162185669
OpenImagesDataset/test/5723c6f4c260e3fa.jpg,1,test,0.08071210980415344
OpenImagesDataset/test/623b6c4fb6fdfdab.jpg,1,test,1.0
OpenImagesDataset/test/6bd0cf298da97816.jpg,1,test,1.0
OpenImagesDataset/test/90191f35a3fc42da.jpg,1,test,0.5214359164237976
OpenImagesDataset/test/1e9cab304e93bbb4.jpg,1,test,0.8738444447517395
OpenImagesDataset/test/7ea8336314b310cf.jpg,1,test,0.999998927116394
OpenImagesDataset/test/2588e2307aea2c79.jpg,1,test,0.979026198387146
OpenImagesDataset/test/8967b7e8ea3f15df.jpg,1,test,0.1487978994846344
OpenImagesDataset/test/c670fdb6ccc86c31.jpg,1,test,0.9985161423683167
OpenImagesDataset/test/b61f0d41b933dc4e.jpg,1,test,9.051461802300764e-08
OpenImagesDataset/test/e0dc90a20648d735.jpg,1,test,1.0
OpenImagesDataset/test/52ba200dc17e2010.jpg,1,test,0.00020691491954494268
OpenImagesDataset/test/a8d5e45247c0755d.jpg,1,test,0.9999934434890747
OpenImagesDataset/test/62d703a22d84cdf9.jpg,1,test,0.9999508857727051
OpenImagesDataset/test/000026e7ee790996.jpg,1,test,0.9999997615814209
OpenImagesDataset/test/13d84c60d98f42f5.jpg,1,test,0.322208434343338
OpenImagesDataset/test/139ab8da90539e02.jpg,1,test,0.9807417988777161
OpenImagesDataset/test/c685d6a892019c2c.jpg,1,test,1.7015076413801067e-12
OpenImagesDataset/test/6a9b443f11a07151.jpg,1,test,1.0
OpenImagesDataset/test/d3767fe4736895a7.jpg,1,test,0.999622106552124
OpenImagesDataset/test/8a47ce7589f88078.jpg,1,test,0.3471616208553314
OpenImagesDataset/test/28ebdb960cfc3dbd.jpg,1,test,0.9979732632637024
OpenImagesDataset/test/74c8dfe88500a821.jpg,1,test,0.5504137277603149
OpenImagesDataset/test/fdca904b1a485511.jpg,1,test,1.0
OpenImagesDataset/test/ef52e9b908702bd7.jpg,1,test,0.08183393627405167
OpenImagesDataset/test/1fb36e32029f2171.jpg,1,test,0.49525177478790283
OpenImagesDataset/test/a716ac8e85a0f88b.jpg,1,test,0.9693370461463928
OpenImagesDataset/test/2e4a2a8cc3fa980d.jpg,1,test,0.9806624054908752
OpenImagesDataset/test/65b410839323ec3d.jpg,1,test,0.22453726828098297
OpenImagesDataset/test/e9cbff84cb16218c.jpg,1,test,0.8124808669090271
OpenImagesDataset/test/2f170d8b435b0145.jpg,1,test,2.6285499188816175e-05
OpenImagesDataset/test/7ab750ae9ff4b482.jpg,1,test,0.9956982135772705
OpenImagesDataset/test/9bb343e9ce97ef56.jpg,1,test,0.9999998807907104
OpenImagesDataset/test/e43372e9bf13be25.jpg,1,test,0.3545786738395691
OpenImagesDataset/test/630d2f4754a2460d.jpg,1,test,2.037390582645634e-15
OpenImagesDataset/test/6fc430f583cad46e.jpg,1,test,0.3531406819820404
OpenImagesDataset/test/bb586738404475e9.jpg,1,test,3.8112824007896506e-10
OpenImagesDataset/test/fa0a82022c76db52.jpg,1,test,0.9908435344696045
OpenImagesDataset/test/801e10ed905908ee.jpg,1,test,0.0007786659989506006
OpenImagesDataset/test/709a0c12c7e33a2b.jpg,1,test,0.9999868869781494
OpenImagesDataset/test/3ca5d38f3cf6de3d.jpg,1,test,1.0
OpenImagesDataset/test/a08b9a317992fb47.jpg,1,test,0.9974026083946228
OpenImagesDataset/test/c45de25cd91134f4.jpg,1,test,0.41519421339035034
OpenImagesDataset/test/fc8ad05c110f0c88.jpg,1,test,0.7082411646842957
OpenImagesDataset/test/cf94deedffb58d56.jpg,1,test,0.9986547231674194
OpenImagesDataset/test/335322ff7cbe8673.jpg,1,test,0.9948222637176514
OpenImagesDataset/test/1b300e7f36b18bbb.jpg,1,test,0.046926889568567276
OpenImagesDataset/test/a0356bf575c0744e.jpg,1,test,6.238467033878419e-22
OpenImagesDataset/test/d379a55c5fc5ba36.jpg,1,test,0.7838100790977478
OpenImagesDataset/test/7d9b99288fa972c0.jpg,1,test,0.9999938011169434
OpenImagesDataset/test/e80140fde875ac3b.jpg,1,test,0.0012906681513413787
OpenImagesDataset/test/a206ae8c67f429ee.jpg,1,test,0.9959851503372192
OpenImagesDataset/test/a3dc3ff037b4ae02.jpg,1,test,0.9933769106864929
OpenImagesDataset/test/f30320eed04fdf76.jpg,1,test,2.1977510300530412e-07
OpenImagesDataset/test/2503dd4e3b5cb96d.jpg,1,test,0.5014322400093079
OpenImagesDataset/test/d8afd6c2f09851c2.jpg,1,test,0.9860856533050537
OpenImagesDataset/test/0841fc5ec88d2f23.jpg,1,test,0.562446653842926
OpenImagesDataset/test/e30a6663cb973050.jpg,1,test,0.7406207323074341
OpenImagesDataset/test/1828a3f8c9b5674d.jpg,1,test,0.999962329864502
OpenImagesDataset/test/01d1c8c162ae025d.jpg,1,test,0.48477792739868164
OpenImagesDataset/test/2669c21b9e5bbd0f.jpg,1,test,0.983100175857544
OpenImagesDataset/test/b74a7d71f8bdb5e8.jpg,1,test,0.9913061261177063
OpenImagesDataset/test/964c7ed8d624ca5a.jpg,1,test,0.8821126222610474
OpenImagesDataset/test/5efd8178715f0d89.jpg,1,test,0.9769231081008911
OpenImagesDataset/test/5c53b784885dd597.jpg,1,test,0.967103123664856
OpenImagesDataset/test/6afd70d6928b0a48.jpg,1,test,3.2662544890982304e-10
OpenImagesDataset/test/8a6747c812f4ee3e.jpg,1,test,0.9998652935028076
OpenImagesDataset/test/5d62593018efd095.jpg,1,test,1.0
OpenImagesDataset/test/2be027e35ae95c57.jpg,1,test,0.9979804158210754
OpenImagesDataset/test/f696baab26cbb667.jpg,1,test,0.9999998807907104
OpenImagesDataset/test/aea860c21489f3d5.jpg,1,test,0.9183429479598999
OpenImagesDataset/test/907f05d19c32cbd5.jpg,1,test,0.9999972581863403
OpenImagesDataset/test/dc6636f3965c59fe.jpg,1,test,0.9998461008071899
OpenImagesDataset/test/b6518ea7de27db7c.jpg,1,test,0.9999974966049194
OpenImagesDataset/test/d315d4eb4bdbaa3d.jpg,1,test,1.0
OpenImagesDataset/test/5f59d48550b8f244.jpg,1,test,0.9996552467346191
OpenImagesDataset/test/1be95b93543c3931.jpg,1,test,6.788651238376353e-12
OpenImagesDataset/test/fe245787ad0797a7.jpg,1,test,1.0
OpenImagesDataset/test/d238c00fee7a56d3.jpg,1,test,0.9943219423294067
OpenImagesDataset/test/ad1a581a0f867d1d.jpg,1,test,0.713672935962677
OpenImagesDataset/test/72bb0347ff72564d.jpg,1,test,0.8968095183372498
OpenImagesDataset/test/b747eeb295825865.jpg,1,test,0.7361787557601929
OpenImagesDataset/test/ac80a29ee284d58f.jpg,1,test,0.0001871023268904537
OpenImagesDataset/test/28e86b6206e15ad9.jpg,1,test,0.04376262053847313
OpenImagesDataset/test/ce0d8a2bc8b74591.jpg,1,test,0.9998934268951416
OpenImagesDataset/test/ed3be7c6a240ff93.jpg,1,test,0.2827238440513611
OpenImagesDataset/test/87680f2be10f1729.jpg,1,test,0.783491313457489
OpenImagesDataset/test/27b760aa7df27df3.jpg,1,test,0.042776405811309814
OpenImagesDataset/test/d77d8fd569a73db6.jpg,1,test,0.7369809746742249
OpenImagesDataset/test/a4216731337df7f6.jpg,1,test,0.14721797406673431
OpenImagesDataset/test/86e37b19736bed91.jpg,1,test,0.9998328685760498
OpenImagesDataset/test/8d796351efa0cf38.jpg,1,test,0.1959262490272522
OpenImagesDataset/test/1c1e0356d3e0017d.jpg,1,test,0.9421862363815308
OpenImagesDataset/test/777be9bdde686431.jpg,1,test,0.9997262358665466
OpenImagesDataset/test/26d2f130319d4495.jpg,1,test,0.998965859413147
OpenImagesDataset/test/0e737bb25f9596c1.jpg,1,test,0.9999991655349731
OpenImagesDataset/test/5424d2b8c96278cc.jpg,1,test,1.0
OpenImagesDataset/test/00a9ab66f8431dd6.jpg,1,test,0.9999961853027344
OpenImagesDataset/test/c03ecf0c88b3a0c6.jpg,1,test,0.005208510439842939
OpenImagesDataset/test/8b9a5e479d18b350.jpg,1,test,0.6298559308052063
OpenImagesDataset/test/491e4bc9a8444f89.jpg,1,test,0.858900249004364
OpenImagesDataset/test/a37695cbf8d4d3ad.jpg,1,test,0.9997062087059021
OpenImagesDataset/test/bc29d0cb4f8f502c.jpg,1,test,0.9999997615814209
OpenImagesDataset/test/92c56a07addd32c3.jpg,1,test,0.011684817261993885
OpenImagesDataset/test/4d262e611d6411b0.jpg,1,test,0.7131133675575256
OpenImagesDataset/test/1d8f32185903c9cf.jpg,1,test,0.7833685278892517
OpenImagesDataset/test/dbfd1612917faf4e.jpg,1,test,0.9569974541664124
OpenImagesDataset/test/cf0959c25eb37bd2.jpg,1,test,1.2844082351512465e-14
OpenImagesDataset/test/da893653f79ccd3d.jpg,1,test,0.9999771118164062
OpenImagesDataset/test/68a2ae3e2e7c2f8b.jpg,1,test,0.9253188967704773
OpenImagesDataset/test/d7d9f699044c36cb.jpg,1,test,0.20988008379936218
OpenImagesDataset/test/bd78b91d062fbcda.jpg,1,test,0.8491042256355286
OpenImagesDataset/test/99460a5a11b7ac90.jpg,1,test,0.0031451659742742777
OpenImagesDataset/test/e121ed582e850653.jpg,1,test,0.998842716217041
OpenImagesDataset/test/aaf080da78e7c7f2.jpg,1,test,0.03527071699500084
OpenImagesDataset/test/bda47a29643a65ae.jpg,1,test,0.5351778864860535
OpenImagesDataset/test/1ab15940e162299c.jpg,1,test,0.8676514029502869
OpenImagesDataset/test/c90a5a9e5ee886b0.jpg,1,test,1.0
OpenImagesDataset/test/02f02d28c1f32db5.jpg,1,test,0.23347249627113342
OpenImagesDataset/test/f039ec2ab4b55eab.jpg,1,test,0.9999997615814209
OpenImagesDataset/test/a66a053c41cb0575.jpg,1,test,0.4715653359889984
OpenImagesDataset/test/e0ee1aa7605fab48.jpg,1,test,0.9118165373802185
OpenImagesDataset/test/64882c7e57a4f3c5.jpg,1,test,0.3155699074268341
OpenImagesDataset/test/34dfe050579a5d67.jpg,1,test,0.9751258492469788
OpenImagesDataset/test/6ad52b616b12c170.jpg,1,test,1.0
OpenImagesDataset/test/649bbe70c32528d9.jpg,1,test,0.8553112745285034
OpenImagesDataset/test/781d2c76422dde33.jpg,1,test,0.06887832283973694
OpenImagesDataset/test/c6d8e3b00a20594d.jpg,1,test,0.6284244060516357
OpenImagesDataset/test/d171c3d308914904.jpg,1,test,0.23276035487651825
OpenImagesDataset/test/948e9cf73ad6f81a.jpg,1,test,0.7051225304603577
OpenImagesDataset/test/b4d1f6dc55c5a11f.jpg,1,test,0.9999997615814209
OpenImagesDataset/test/6829dc9267e75470.jpg,1,test,0.548180878162384
OpenImagesDataset/test/2de975f16a1f1e12.jpg,1,test,0.35718709230422974
OpenImagesDataset/test/8f64b49cf64fd673.jpg,1,test,0.9999972581863403
OpenImagesDataset/test/78549b6c8a8e8352.jpg,1,test,0.9994193315505981
OpenImagesDataset/test/5ce5c461512aab70.jpg,1,test,1.0
OpenImagesDataset/test/692feb81503c4204.jpg,1,test,0.9933086633682251
OpenImagesDataset/test/a40067fe177cbb26.jpg,1,test,0.16033542156219482
OpenImagesDataset/test/a6a540f1fcd6d8e6.jpg,1,test,0.2965918481349945
OpenImagesDataset/test/e40cc248e60b7542.jpg,1,test,1.0
OpenImagesDataset/test/70498bd2864c0fe3.jpg,1,test,0.9988368153572083
OpenImagesDataset/test/675157e0f5b65637.jpg,1,test,1.2125050261602155e-06
OpenImagesDataset/test/96dfd777bc487a11.jpg,1,test,0.9999665021896362
OpenImagesDataset/test/d9283ffe511f17f9.jpg,1,test,0.9515023231506348
OpenImagesDataset/test/77d15abb9616532b.jpg,1,test,1.472395500514066e-22
OpenImagesDataset/test/69bc2491c6ddee59.jpg,1,test,0.8165313005447388
OpenImagesDataset/test/fabcb4e4e1bb824b.jpg,1,test,0.6214326024055481
OpenImagesDataset/test/e8854814ca821f95.jpg,1,test,0.4753136932849884
OpenImagesDataset/test/73c249b5c375a2ac.jpg,1,test,1.0
OpenImagesDataset/test/42cb713ce7e8255f.jpg,1,test,1.0
OpenImagesDataset/test/8cb2ca3ede4725e4.jpg,1,test,0.7830444574356079
OpenImagesDataset/test/4daaa77c94481ef6.jpg,1,test,0.8695759773254395
OpenImagesDataset/test/03b7f8a5241a1ad8.jpg,1,test,0.13507966697216034
OpenImagesDataset/test/02cf1827cb907da3.jpg,1,test,0.9930422306060791
OpenImagesDataset/test/fae20782ed9b6c0b.jpg,1,test,0.38006114959716797
OpenImagesDataset/test/c2a6fd3d24614907.jpg,1,test,0.21245123445987701
OpenImagesDataset/test/23792738738cad29.jpg,1,test,0.6459251642227173
OpenImagesDataset/test/224a8c9943bd607f.jpg,1,test,0.9882218241691589
OpenImagesDataset/test/ae666dbde4d986ca.jpg,1,test,0.9999837875366211
OpenImagesDataset/test/7c9a87c61e00f225.jpg,1,test,0.01534334011375904
OpenImagesDataset/test/1e3f1d54d0667c6a.jpg,1,test,3.0756783075958083e-07
OpenImagesDataset/test/508a8c99dbc63c40.jpg,1,test,0.9999094009399414
OpenImagesDataset/test/09126fdfbc0a58fd.jpg,1,test,4.507998575126182e-12
OpenImagesDataset/test/1d442aec003d0919.jpg,1,test,0.9987874627113342
OpenImagesDataset/test/0e41ef10ad09c6a9.jpg,1,test,0.9999120235443115
OpenImagesDataset/test/66941b7019902793.jpg,1,test,0.002303206827491522
OpenImagesDataset/test/89bcf248b2e5a627.jpg,1,test,0.10334910452365875
OpenImagesDataset/test/51da324d82b23f4a.jpg,1,test,0.9999998807907104
OpenImagesDataset/test/014ee44f9f160728.jpg,1,test,0.9363850951194763
OpenImagesDataset/test/f8883e36ec83d8d4.jpg,1,test,0.9995693564414978
OpenImagesDataset/test/6abab3652a372305.jpg,1,test,1.4439622191275703e-06
OpenImagesDataset/test/536b958667145d36.jpg,1,test,0.6697088479995728
OpenImagesDataset/test/a54f93c489fad430.jpg,1,test,0.9991852641105652
OpenImagesDataset/test/d71551db288d9a02.jpg,1,test,0.9999998807907104
OpenImagesDataset/test/cbf6afe198f8579a.jpg,1,test,0.9901968240737915
OpenImagesDataset/test/abf56b3a124cee8a.jpg,1,test,0.9836962819099426
OpenImagesDataset/test/69fafbd6f209e52f.jpg,1,test,0.5928270816802979
OpenImagesDataset/test/e72d923f2721a29f.jpg,1,test,1.0
OpenImagesDataset/test/d2c0b07769ed2cd6.jpg,1,test,0.9950259327888489
OpenImagesDataset/test/ee47ee12989248d1.jpg,1,test,0.9999998807907104
OpenImagesDataset/test/ee1dde013f1d80fe.jpg,1,test,0.0009219421772286296
OpenImagesDataset/test/dcc8edbcd99a9544.jpg,1,test,1.0
OpenImagesDataset/test/bc507e85c4a42bf6.jpg,1,test,0.9282152652740479
OpenImagesDataset/test/1831b1f8dd54b3b6.jpg,1,test,0.8618829250335693
OpenImagesDataset/test/233767c7fe30d359.jpg,1,test,0.5765238404273987
OpenImagesDataset/test/f3d3eefd69bc9703.jpg,1,test,0.9998562335968018
OpenImagesDataset/test/89b39f27c2f32a35.jpg,1,test,1.0
OpenImagesDataset/test/592d3557d2efcad4.jpg,1,test,0.47962716221809387
OpenImagesDataset/test/f419c1ceca3b079a.jpg,1,test,0.12885665893554688
OpenImagesDataset/test/04b34b4e51724802.jpg,1,test,0.9873408675193787
OpenImagesDataset/test/c663eafe204f7972.jpg,1,test,1.0
OpenImagesDataset/test/fc6e65bcb8e6a9a1.jpg,1,test,0.9999532699584961
OpenImagesDataset/test/f5da11e92cadd016.jpg,1,test,0.963080883026123
OpenImagesDataset/test/72a62f0ebcadb6f9.jpg,1,test,0.9999779462814331
OpenImagesDataset/test/ada35817f8ab7d5e.jpg,1,test,1.1514606976237296e-11
OpenImagesDataset/test/022c71451277faa4.jpg,1,test,0.9470027089118958
OpenImagesDataset/test/6a6845c60819e24b.jpg,1,test,0.9999446868896484
OpenImagesDataset/test/0876506af8192522.jpg,1,test,0.999998927116394
OpenImagesDataset/test/58b838470002c491.jpg,1,test,0.9975746273994446
OpenImagesDataset/test/cc56629c79821a2e.jpg,1,test,0.9986145496368408
OpenImagesDataset/test/7922f4496c526daf.jpg,1,test,0.0854237824678421
OpenImagesDataset/test/19c7ad9d0669012e.jpg,1,test,0.8203466534614563
OpenImagesDataset/test/313de6b0553ae1a7.jpg,1,test,5.467558628069469e-10
OpenImagesDataset/test/107907a43d7e76a6.jpg,1,test,0.9976446032524109
OpenImagesDataset/test/f67db9b50c93b197.jpg,1,test,0.9866763353347778
OpenImagesDataset/test/c4b0de1048bfa164.jpg,1,test,0.9999556541442871
OpenImagesDataset/test/5612bbded0995f28.jpg,1,test,0.9999985694885254
OpenImagesDataset/test/724ddaf8ca1448c3.jpg,1,test,0.25116991996765137
OpenImagesDataset/test/f5fedc20e9338706.jpg,1,test,0.8825357556343079
OpenImagesDataset/test/ca100fdb289b88fe.jpg,1,test,1.0
OpenImagesDataset/test/2ede3d43e9a4c9e5.jpg,1,test,0.9999967813491821
OpenImagesDataset/test/ccd8b48622ca52c8.jpg,1,test,0.004250583238899708
OpenImagesDataset/test/a2810ffb854b74dd.jpg,1,test,1.0
OpenImagesDataset/test/2af69f32e47c3da5.jpg,1,test,0.2421521544456482
OpenImagesDataset/test/7a89223842410530.jpg,1,test,0.9998137354850769
OpenImagesDataset/test/cd47092b8a5f2035.jpg,1,test,0.3150802552700043
OpenImagesDataset/test/5f33c8ea2046d59a.jpg,1,test,0.00041985115967690945
OpenImagesDataset/test/e004a7445950dc30.jpg,1,test,0.005000490229576826
OpenImagesDataset/test/87f2e68ae111bc91.jpg,1,test,0.9997853636741638
OpenImagesDataset/test/76ccafb831ddb1df.jpg,1,test,0.1520051807165146
OpenImagesDataset/test/41a2dcc66f8c1616.jpg,1,test,0.5515557527542114
OpenImagesDataset/test/354ba3d19ec459a6.jpg,1,test,0.9999995231628418
OpenImagesDataset/test/e45b3905369ce768.jpg,1,test,0.662994384765625
OpenImagesDataset/test/ecfd38496bcecf1f.jpg,1,test,0.19181814789772034
OpenImagesDataset/test/7043e5afc4a6f037.jpg,1,test,0.010858947411179543
OpenImagesDataset/test/e9fc3e21fdcd8845.jpg,1,test,0.005115915089845657
OpenImagesDataset/test/9b05e8f8d4be3993.jpg,1,test,0.4605843424797058
OpenImagesDataset/test/35eb781d44d8d048.jpg,1,test,3.2581553011112874e-09
OpenImagesDataset/test/41ccb8593dc0eba5.jpg,1,test,0.13037458062171936
OpenImagesDataset/test/41e8abd06345a0c2.jpg,1,test,0.9998986721038818
OpenImagesDataset/test/a15c481d600dc2df.jpg,1,test,0.9999998807907104
OpenImagesDataset/test/7eead39eaeb8dc55.jpg,1,test,0.6001901626586914
OpenImagesDataset/test/5fa662701a2abe2c.jpg,1,test,0.16144032776355743
OpenImagesDataset/test/3b358b6652e14e36.jpg,1,test,0.9993709921836853
OpenImagesDataset/test/351aef6950d8a8b4.jpg,1,test,0.0010918425396084785
OpenImagesDataset/test/b4689eb292f360ff.jpg,1,test,0.9998061060905457
OpenImagesDataset/test/289378a53cb9f598.jpg,1,test,0.9955624341964722
OpenImagesDataset/test/113e1fd231ba3006.jpg,1,test,0.3989173471927643
OpenImagesDataset/test/50acf27a96006290.jpg,1,test,0.999980092048645
OpenImagesDataset/test/9bf0ad5f0e761b42.jpg,1,test,1.0
OpenImagesDataset/test/a4bdd9420a7c7b23.jpg,1,test,0.024152051657438278
OpenImagesDataset/test/0b0be049bb72b223.jpg,1,test,0.2740938365459442
OpenImagesDataset/test/bdd6fd042dec9f9f.jpg,1,test,1.0
OpenImagesDataset/test/0956f4f42e2ea987.jpg,1,test,0.9997386336326599
OpenImagesDataset/test/80ca56c3429dbb60.jpg,1,test,1.0
OpenImagesDataset/test/e21968abae328414.jpg,1,test,1.0
OpenImagesDataset/test/60399f6ed68dc6c0.jpg,1,test,0.9997743964195251
OpenImagesDataset/test/72513ac4beeedee5.jpg,1,test,0.6461206674575806
OpenImagesDataset/test/8a8cf53cebba5894.jpg,1,test,0.9962051510810852
OpenImagesDataset/test/121ed3a460aca09b.jpg,1,test,0.934822678565979
OpenImagesDataset/test/940a5eee90f2573f.jpg,1,test,1.0
OpenImagesDataset/test/3d7a305019504c59.jpg,1,test,0.0004379259771667421
OpenImagesDataset/test/87ff92d5379bd03d.jpg,1,test,0.9062753319740295
OpenImagesDataset/test/9a93df944f7a9a49.jpg,1,test,1.0
OpenImagesDataset/test/7e03c4ec8575210e.jpg,1,test,0.9998200535774231
OpenImagesDataset/test/1b642ac517ab10b5.jpg,1,test,0.9974385499954224
OpenImagesDataset/test/d9cfd655e6eb3c10.jpg,1,test,0.11830459535121918
OpenImagesDataset/test/e027a445124f4a9e.jpg,1,test,0.9999662637710571
OpenImagesDataset/test/7fc52914bef6fe5a.jpg,1,test,0.015338814817368984
OpenImagesDataset/test/322a07f19ba131e6.jpg,1,test,0.9999088048934937
OpenImagesDataset/test/97dffeb91eae4d53.jpg,1,test,0.9970071911811829
OpenImagesDataset/test/620a6f268e368d7e.jpg,1,test,0.004412510897964239
OpenImagesDataset/test/13a4f24dddd569e9.jpg,1,test,0.9997578263282776
OpenImagesDataset/test/749877275b18b852.jpg,1,test,0.004268909338861704
OpenImagesDataset/test/816a226fc911d86d.jpg,1,test,0.9987682700157166
OpenImagesDataset/test/18ee16489a5b3de0.jpg,1,test,0.9991025924682617
OpenImagesDataset/test/e47e3d7985be5e3f.jpg,1,test,1.0
OpenImagesDataset/test/fcbd2b2fe6fce685.jpg,1,test,0.5633209347724915
OpenImagesDataset/test/0a27dcf6a7827280.jpg,1,test,0.8195381164550781
OpenImagesDataset/test/53d6c8da460a8411.jpg,1,test,0.010202382691204548
OpenImagesDataset/test/bef9d921ba86afae.jpg,1,test,0.807896614074707
OpenImagesDataset/test/ccf0ea05500251cc.jpg,1,test,0.9995383024215698
OpenImagesDataset/test/0fdc84573f6330ea.jpg,1,test,1.0
OpenImagesDataset/test/5d1876b8a8a5b422.jpg,1,test,0.0026156376115977764
OpenImagesDataset/test/1ad03c0542449be2.jpg,1,test,2.3017785594214857e-13
OpenImagesDataset/test/8d29ecdb27c8ca9a.jpg,1,test,6.704290171910543e-07
OpenImagesDataset/test/0f22f3af31263255.jpg,1,test,1.250582748468787e-08
OpenImagesDataset/test/58b084887fae33fb.jpg,1,test,0.08163439482450485
OpenImagesDataset/test/be589348086b20d4.jpg,1,test,1.4857301174794637e-19
OpenImagesDataset/test/57b088eb7c61338a.jpg,1,test,0.6528457999229431
OpenImagesDataset/test/e7778dcafa1b8a4c.jpg,1,test,0.9997733235359192
OpenImagesDataset/test/8b33ae03d73008f7.jpg,1,test,0.9952132701873779
OpenImagesDataset/test/8ddbaf5bffc1f8ab.jpg,1,test,0.9999731779098511
OpenImagesDataset/test/de6dc1d9bf4acd42.jpg,1,test,0.006897724233567715
OpenImagesDataset/test/f5df70d04090c7a6.jpg,1,test,0.9843904376029968
OpenImagesDataset/test/1ea6cea4ea492d07.jpg,1,test,0.9636738300323486
OpenImagesDataset/test/28ad3dd2696d2d7f.jpg,1,test,0.7923039793968201
OpenImagesDataset/test/398244a4f56198e0.jpg,1,test,0.002792647108435631
OpenImagesDataset/test/103237e28e17f06b.jpg,1,test,0.9930625557899475
OpenImagesDataset/test/b6932ce89ec54b22.jpg,1,test,2.1412918158603134e-06
OpenImagesDataset/test/d2ac1cf08ae9ca1a.jpg,1,test,0.9998995065689087
OpenImagesDataset/test/f757cd9a7c8782c3.jpg,1,test,0.9707980751991272
OpenImagesDataset/test/16ca4d097400a5ef.jpg,1,test,0.9997069239616394
OpenImagesDataset/test/8e518cfceed39397.jpg,1,test,0.999992847442627
